env/current_idx,eval/success_rate,eval/mean_reward,eval/mean_ep_length,env/completion_counter,env/n_steps,time/total_timesteps,rollout/success_rate,rollout/ep_rew_mean,time/fps,time/iterations,rollout/ep_len_mean,time/time_elapsed,train/n_updates,train/approx_kl,train/clip_fraction,train/entropy_loss,train/policy_gradient_loss,train/value_loss,train/clip_range,train/learning_rate,train/loss,train/explained_variance
100,0.86,-0.16237415947951375,1.66,0,300,300,,,,,,,,,,,,,,,,
,,,,,,300,0.6262626262626263,-0.48699425252525247,0,1,3.0303030303030303,440,,,,,,,,,,
210,0.96,-0.055162423942238095,1.28,0,600,600,,,,,,,5,0.015834704,0.18687500089406966,-1.9351196050643922,-0.030374548798426985,0.27546282678842543,0.2,0.001,0.013344533741474152,-0.33141255378723145
,,,,,,600,0.67,-0.3836436999999999,0,2,2.7,847,,,,,,,,,,
322,0.9,-0.11547289542388171,1.44,0,900,900,,,,,,,10,0.014899796,0.271477273106575,-1.8886812162399291,-0.03221222639083862,0.16110436856746674,0.2,0.001,0.006179239600896835,-0.01542043685913086
,,,,,,900,0.67,-0.40821440000000003,0,3,2.7,1280,,,,,,,,,,
441,0.88,-0.10007678843103349,1.62,0,1200,1200,,,,,,,15,0.014654164,0.1646590918302536,-1.862107334136963,-0.03408814651775174,0.15798881381750107,0.2,0.001,-0.012473084032535553,0.07510995864868164
,,,,,,1200,0.74,-0.33472899,0,4,2.5,1733,,,,,,,,,,
557,0.94,-0.05208015291485935,1.26,0,1500,1500,,,,,,,20,0.01302287,0.1567613637447357,-1.8262453365325928,-0.036261501163244246,0.2066543146967888,0.2,0.001,-0.02788543701171875,-0.1451573371887207
,,,,,,1500,0.72,-0.34979893999999995,0,5,2.59,2144,,,,,,,,,,
671,0.94,-0.0781406975677237,1.54,0,1800,1800,,,,,,,25,0.031250216,0.3336363634467125,-1.7477527809143067,-0.03847886390984059,0.17154779374599458,0.2,0.001,-0.024622995406389236,0.08491277694702148
,,,,,,1800,0.74,-0.34162223999999997,0,6,2.55,2598,,,,,,,,,,
793,0.94,-0.07012452536728234,1.32,0,2100,2100,,,,,,,30,0.017142776,0.15056818187236787,-1.70671404838562,-0.02978413075208664,0.16908555448055268,0.2,0.001,-0.026395969092845917,0.10873913764953613
,,,,,,2100,0.78,-0.27592102,0,7,2.39,3017,,,,,,,,,,
912,0.94,-0.07576744765974582,1.26,0,2400,2400,,,,,,,35,0.018478423,0.2857386365532875,-1.5795631217956543,-0.040237333811819556,0.1427171166241169,0.2,0.001,0.00022295862436294556,0.0788617730140686
,,,,,,2400,0.77,-0.29255268,0,8,2.53,3449,,,,,,,,,,
1039,0.96,-0.05477386639453471,1.24,0,2700,2700,,,,,,,40,0.018761322,0.1868181824684143,-1.4503345918655395,-0.0292780714482069,0.17128897339105606,0.2,0.001,-0.0037889033555984497,0.04382479190826416
,,,,,,2700,0.84,-0.23221029,0,9,2.26,3857,,,,,,,,,,
1169,0.94,-0.07146453217137605,1.44,0,3000,3000,,,,,,,45,0.028673362,0.23744318157434463,-1.423791675567627,-0.02770433509722352,0.17897753447294235,0.2,0.001,0.014090605080127716,0.02673029899597168
,,,,,,3000,0.78,-0.26576245,0,10,2.28,4288,,,,,,,,,,
1301,0.88,-0.1368829486053437,1.56,0,3300,3300,,,,,,,50,0.023389509,0.23573863625526428,-1.2607758045196533,-0.040377366226166486,0.16720999300479888,0.2,0.001,-0.00016294419765472412,0.0942808985710144
,,,,,,3300,0.78,-0.28735061,0,11,2.36,4731,,,,,,,,,,
1431,0.96,-0.0501817884715274,1.24,0,3600,3600,,,,,,,55,0.015163064,0.1577840906381607,-1.1446569919586183,-0.03228537637740374,0.17181129842996598,0.2,0.001,-0.014802984893321991,-0.061551451683044434
,,,,,,3600,0.78,-0.25233108000000004,0,12,2.29,5151,,,,,,,,,,
1560,0.94,-0.07337353340350092,1.26,0,3900,3900,,,,,,,60,0.018709427,0.1272159093618393,-1.1179431653022767,-0.030237750113010407,0.12831957429647445,0.2,0.001,-0.045326389372348785,0.13092774152755737
,,,,,,3900,0.76,-0.31153373999999995,0,13,2.3,5569,,,,,,,,,,
1696,0.98,-0.029774390025995672,1.18,0,4200,4200,,,,,,,65,0.016805593,0.11852272778749466,-1.195955774784088,-0.025075823441147803,0.2073834642767906,0.2,0.001,0.050517477095127106,0.06932681798934937
,,,,,,4200,0.8,-0.26321024,0,14,2.11,6002,,,,,,,,,,
1821,0.92,-0.09553873147815466,1.5,0,4500,4500,,,,,,,70,0.018413156,0.13255681872367858,-1.0927868270874024,-0.02643459480255842,0.17685236424207687,0.2,0.001,-0.026622094213962555,0.04349797964096069
,,,,,,4500,0.77,-0.3249279,0,15,2.42,6464,,,,,,,,,,
1953,0.9,-0.12017775136046112,1.58,0,4800,4800,,,,,,,75,0.020334428,0.16272727340459825,-1.1264537644386292,-0.039879831627476964,0.15026463717222213,0.2,0.001,-0.03189869597554207,0.26223576068878174
,,,,,,4800,0.77,-0.32206123,0,16,2.36,6916,,,,,,,,,,
2082,0.96,-0.03078672619536519,1.26,0,5100,5100,,,,,,,80,0.027363788,0.23471590936183928,-1.136977822780609,-0.03716588508337736,0.14829153567552567,0.2,0.001,-0.024218160659074783,0.2066556215286255
,,,,,,5100,0.76,-0.30281716,0,17,2.37,7340,,,,,,,,,,
2218,0.9,-0.11942269227933139,1.48,0,5400,5400,,,,,,,85,0.018458594,0.13812500029802321,-1.0638502883911132,-0.027864191476255656,0.16227103799581527,0.2,0.001,-0.00370107963681221,0.1586185097694397
,,,,,,5400,0.79,-0.25786005,0,18,2.27,7801,,,,,,,,,,
2368,0.98,-0.010966737582348287,1.24,0,5700,5700,,,,,,,90,0.028724656,0.15573863595724105,-0.9852362799644471,-0.03225568594411016,0.14250685289502144,0.2,0.001,0.017511878162622452,0.07910811901092529
,,,,,,5700,0.84,-0.21558176999999998,0,19,1.99,8232,,,,,,,,,,
2513,0.92,-0.09270950002595782,1.42,0,6000,6000,,,,,,,95,0.016190736,0.12835227310657502,-0.9027336883544922,-0.02573291666805744,0.21424656957387925,0.2,0.001,-0.010420385748147964,-0.02353191375732422
,,,,,,6000,0.83,-0.23270761000000004,0,20,2.12,8697,,,,,,,,,,
2643,0.88,-0.1177437862381339,1.56,0,6300,6300,,,,,,,100,0.01786612,0.1084090906381607,-0.9014763116836548,-0.028057093117386103,0.16593321025371552,0.2,0.001,-0.001026589423418045,0.16356801986694336
,,,,,,6300,0.78,-0.28029923,0,21,2.19,9192,,,,,,,,,,
2772,0.98,-0.030126189100556075,1.2,0,6600,6600,,,,,,,105,0.012506617,0.08250000059604645,-0.8762919449806214,-0.019191379947587846,0.16371345907449722,0.2,0.001,0.006101831793785095,0.17038273811340332
,,,,,,6600,0.77,-0.28923306000000004,0,22,2.28,9640,,,,,,,,,,
2898,0.92,-0.09507637783419341,1.42,0,6900,6900,,,,,,,110,0.027864346,0.16681818217039107,-0.9537901830673218,-0.03362587566487491,0.15890953809022904,0.2,0.001,-0.04100344330072403,0.16845858097076416
,,,,,,6900,0.81,-0.25691141999999995,0,23,2.43,10133,,,,,,,,,,
3054,0.96,-0.05196963959373534,1.32,0,7200,7200,,,,,,,115,0.023549778,0.11170454621315003,-0.8009700489044189,-0.02649383989162743,0.17522680163383483,0.2,0.001,0.0021508224308490753,0.14674079418182373
,,,,,,7200,0.86,-0.18729603,0,24,1.9,10594,,,,,,,,,,
3196,0.94,-0.05241416499949992,1.3,0,7500,7500,,,,,,,120,0.038510248,0.17403409034013748,-0.8009887099266052,-0.022348024444654585,0.17366498619318008,0.2,0.001,-0.012995094060897827,-0.041472554206848145
,,,,,,7500,0.86,-0.14139168,0,25,1.98,11040,,,,,,,,,,
3338,0.94,-0.07238163342699408,1.4,0,7800,7800,,,,,,,125,0.02672385,0.14431818187236786,-0.7525003814697265,-0.025535940304398538,0.16771966427564622,0.2,0.001,-0.008735518902540207,-0.02190864086151123
,,,,,,7800,0.87,-0.17549848999999998,0,26,1.94,11488,,,,,,,,,,
3481,0.96,-0.035382962794974444,1.54,0,8100,8100,,,,,,,130,0.034472503,0.20988636314868928,-0.8778842568397522,-0.032383491545915605,0.1498494502902031,0.2,0.001,-0.026073895394802094,0.1791670322418213
,,,,,,8100,0.84,-0.20064087999999994,0,27,2.12,11937,,,,,,,,,,
3606,0.94,-0.07198904177173972,1.32,0,8400,8400,,,,,,,135,0.019330408,0.11619318187236786,-0.7762040209770202,-0.027319903820753097,0.14353904545307158,0.2,0.001,-0.010497506707906723,0.1421836018562317
,,,,,,8400,0.79,-0.27854558000000007,0,28,2.34,12370,,,,,,,,,,
3744,0.96,-0.052219032300636174,1.36,0,8700,8700,,,,,,,140,0.019530246,0.15244318217039107,-0.9200072646141052,-0.02667023170739412,0.17419985443353653,0.2,0.001,-0.023455098271369934,0.12924200296401978
,,,,,,8700,0.8,-0.26190637000000005,0,29,2.2,12793,,,,,,,,,,
3871,0.92,-0.09759174949955195,1.48,0,9000,9000,,,,,,,145,0.036620036,0.16045454531908035,-0.881223909854889,-0.03053727973252535,0.15729687988758087,0.2,0.001,0.002009797841310501,0.17157936096191406
,,,,,,9000,0.77,-0.29843328999999996,0,30,2.38,13248,,,,,,,,,,
4001,0.94,-0.07421034670434892,1.36,0,9300,9300,,,,,,,150,0.021118894,0.14738636404275895,-0.8893884110450745,-0.030644027553498744,0.16045638650655747,0.2,0.001,0.005938082933425903,0.20052558183670044
,,,,,,9300,0.82,-0.23147475,0,31,2.16,13691,,,,,,,,,,
4135,0.96,-0.05422647719271481,1.24,0,9600,9600,,,,,,,155,0.016972348,0.11375000059604645,-0.9121930646896362,-0.025859805922955274,0.19556499600410462,0.2,0.001,0.03814881294965744,0.01151895523071289
,,,,,,9600,0.79,-0.28667706,0,32,2.27,14140,,,,,,,,,,
4293,0.92,-0.09864100041333586,1.46,0,9900,9900,,,,,,,160,0.025844326,0.16670454502105714,-0.8406296515464783,-0.025043838963028975,0.18683083176612855,0.2,0.001,-0.0074091143906116486,0.052994728088378906
,,,,,,9900,0.83,-0.21778776,0,33,1.93,14579,,,,,,,,,,
4447,0.92,-0.09955990802962333,1.36,0,10200,10200,,,,,,,165,0.020982344,0.1581818178296089,-0.7734883546829223,-0.017796325739473106,0.15657683879137038,0.2,0.001,0.0037765614688396454,0.20434826612472534
,,,,,,10200,0.89,-0.15269429999999998,0,34,1.84,15040,,,,,,,,,,
4589,0.92,-0.10107186584733427,1.5,0,10500,10500,,,,,,,170,0.013088641,0.08363636404275894,-0.7089703392982483,-0.01746110636740923,0.15198163092136383,0.2,0.001,0.013043072074651718,0.10556334257125854
,,,,,,10500,0.79,-0.28727073999999997,0,35,2.13,15486,,,,,,,,,,
4727,0.96,-0.04904604918789118,1.24,0,10800,10800,,,,,,,175,0.023352161,0.14193181872367858,-0.8990675830841064,-0.021109620220959188,0.17841535866260527,0.2,0.001,0.03489471226930618,0.24486857652664185
,,,,,,10800,0.82,-0.21614753,0,36,2.19,15916,,,,,,,,,,
4877,0.94,-0.0730151797272265,1.5,0,11100,11100,,,,,,,180,0.014959028,0.09465909153223037,-0.8605475950241089,-0.024958988027647136,0.13899975687265395,0.2,0.001,0.00034042447805404663,0.2708238959312439
,,,,,,11100,0.81,-0.23041103999999998,0,37,2.1,16360,,,,,,,,,,
5019,0.96,-0.05102506549097598,1.38,0,11400,11400,,,,,,,185,0.021720875,0.11789772748947143,-0.8009940195083618,-0.02576642486033961,0.17481497198343277,0.2,0.001,0.008168857544660568,0.10909253358840942
,,,,,,11400,0.8,-0.25162284,0,38,2.15,16864,,,,,,,,,,
5149,0.86,-0.11806779941543936,1.74,0,11700,11700,,,,,,,190,0.026940268,0.1554545456171036,-0.7798627710342407,-0.030438676290214062,0.1958529156446457,0.2,0.001,0.034741323441267014,-0.036759257316589355
,,,,,,11700,0.77,-0.28422325,0,39,2.37,17360,,,,,,,,,,
5275,0.96,-0.05132936486043036,1.34,0,12000,12000,,,,,,,195,0.021027986,0.14272727310657501,-0.8213259196281433,-0.03014679905027151,0.19774140238761903,0.2,0.001,0.02603399008512497,0.12636977434158325
,,,,,,12000,0.77,-0.27311468,0,40,2.36,17804,,,,,,,,,,
5410,1.0,-0.009495212230831385,1.12,0,12300,12300,,,,,,,200,0.02906608,0.1774431821703911,-0.8530699348449707,-0.03130756754428148,0.19621663451194762,0.2,0.001,0.030050169676542282,0.06190800666809082
,,,,,,12300,0.82,-0.23762745,0,41,2.21,18240,,,,,,,,,,
5547,0.94,-0.06120237808674574,1.38,0,12600,12600,,,,,,,205,0.02530329,0.14659090965986252,-0.851858823299408,-0.02842059552669525,0.15620339006185532,0.2,0.001,-0.0037754960358142853,0.16647768020629883
,,,,,,12600,0.78,-0.28837192000000006,0,42,2.25,18675,,,,,,,,,,
5662,0.96,-0.0508839438855648,1.24,0,12900,12900,,,,,,,210,0.030025596,0.24818181812763215,-0.8365101504325867,-0.0270742142945528,0.19816070973873137,0.2,0.001,0.04606928303837776,0.08971911668777466
,,,,,,12900,0.73,-0.3126174200000001,0,43,2.59,19107,,,,,,,,,,
5796,0.92,-0.07467263617087155,1.46,0,13200,13200,,,,,,,215,0.039366405,0.209602273106575,-0.8009372520446777,-0.029918944146484137,0.16679590821266174,0.2,0.001,-0.00026901811361312866,0.15739089250564575
,,,,,,13200,0.82,-0.22503574,0,44,2.25,19562,,,,,,,,,,
5933,0.94,-0.05193384251091629,1.4,0,13500,13500,,,,,,,220,0.02140538,0.16704545468091964,-0.7955241799354553,-0.022175486283376813,0.14755815535783767,0.2,0.001,0.0003138519823551178,0.06269055604934692
,,,,,,13500,0.77,-0.29723966,0,45,2.33,20011,,,,,,,,,,
6074,0.98,-0.02807461322285235,1.14,0,13800,13800,,,,,,,225,0.032960027,0.1755681812763214,-0.8246593308448792,-0.028789049154147504,0.1487139356136322,0.2,0.001,-0.031137771904468536,0.29028987884521484
,,,,,,13800,0.83,-0.24125958000000003,0,46,2.11,20442,,,,,,,,,,
6212,0.9,-0.1197231033584103,1.64,0,14100,14100,,,,,,,230,0.03183318,0.20613636434078217,-0.7625586676597595,-0.039517454281449316,0.15239549428224564,0.2,0.001,-0.04032149538397789,0.22961199283599854
,,,,,,14100,0.81,-0.26163215000000006,0,47,2.2,20891,,,,,,,,,,
6349,0.94,-0.07409600039478391,1.3,0,14400,14400,,,,,,,235,0.021779783,0.114375,-0.6856477952003479,-0.024530639089643955,0.185070161819458,0.2,0.001,0.01879480481147766,0.29090416431427
,,,,,,14400,0.8,-0.24476711,0,48,2.13,21328,,,,,,,,,,
6485,1.0,-0.007843142193742096,1.16,0,14700,14700,,,,,,,240,0.023709942,0.11318181842565536,-0.651986026763916,-0.02751618526875973,0.2301396185159683,0.2,0.001,0.049480028450489044,0.04369044303894043
,,,,,,14700,0.78,-0.2986990200000001,0,49,2.24,21735,,,,,,,,,,
6630,0.98,-0.03466017636004835,1.3,0,15000,15000,,,,,,,245,0.027918484,0.1135795459151268,-0.6242597270011901,-0.02825652275234461,0.18730815827846528,0.2,0.001,0.037818387150764465,0.13982075452804565
,,,,,,15000,0.84,-0.18892401,0,50,1.99,22192,,,,,,,,,,
6780,0.9,-0.11839240747969598,1.64,0,15300,15300,,,,,,,250,0.03258579,0.16420454621315003,-0.6554524803161621,-0.032311138063669205,0.1612010070681572,0.2,0.001,-0.017387866973876953,0.25776952505111694
,,,,,,15300,0.83,-0.19438766999999998,0,51,2.09,22643,,,,,,,,,,
6936,1.0,-0.011958130467683077,1.22,0,15600,15600,,,,,,,255,0.018313501,0.12312500029802323,-0.6579499983787537,-0.01919940572232008,0.15926714539527892,0.2,0.001,0.0314386710524559,0.1032138466835022
,,,,,,15600,0.85,-0.19493049000000004,0,52,1.88,23093,,,,,,,,,,
7065,0.92,-0.0726504758745432,1.38,0,15900,15900,,,,,,,260,0.024348209,0.11812500029802322,-0.5595793747901916,-0.015020876377820968,0.15495263755321503,0.2,0.001,0.017102230340242386,0.20932579040527344
,,,,,,15900,0.77,-0.27696474,0,53,2.3,23552,,,,,,,,,,
7214,0.96,-0.0342241515731439,1.22,0,16200,16200,,,,,,,265,0.025337443,0.13789772748947143,-0.5621929097175599,-0.018488331008702518,0.16898802280426026,0.2,0.001,0.06078902631998062,0.12751305103302002
,,,,,,16200,0.86,-0.18322818999999996,0,54,1.84,23995,,,,,,,,,,
7373,0.98,-0.027311980961821972,1.1,0,16500,16500,,,,,,,270,0.012056952,0.06704545468091964,-0.5400665378570557,-0.020504368152469397,0.17916015028953552,0.2,0.001,0.05676408112049103,0.058499038219451904
,,,,,,16500,0.87,-0.17425210000000002,0,55,1.87,24413,,,,,,,,,,
7514,0.96,-0.05038507588673383,1.3,0,16800,16800,,,,,,,275,0.017939072,0.13551136434078218,-0.5907598781585693,-0.014579332731664181,0.15582600086927414,0.2,0.001,0.0003430023789405823,0.12318801879882812
,,,,,,16800,0.83,-0.18306332,0,56,1.99,24840,,,,,,,,,,
7664,0.94,-0.07634763271547854,1.36,0,17100,17100,,,,,,,280,0.012177238,0.11647727310657502,-0.4917312371730804,-0.0249282880499959,0.17327298134565353,0.2,0.001,0.012698255479335785,0.07696861028671265
,,,,,,17100,0.88,-0.15896054,0,57,1.99,25272,,,,,,,,,,
7800,0.96,-0.05194427726790309,1.4,0,17400,17400,,,,,,,285,0.02112033,0.09159090906381608,-0.41990865468978883,-0.020094586089253425,0.14790704488754272,0.2,0.001,0.021961435675621033,0.1099194884300232
,,,,,,17400,0.79,-0.21057832,0,58,2.15,25697,,,,,,,,,,
7946,0.92,-0.07543320470955223,1.44,0,17700,17700,,,,,,,290,0.014201378,0.10164772778749466,-0.4630799925327301,-0.009904641769826411,0.17120859324932097,0.2,0.001,0.027033958584070206,0.1501445174217224
,,,,,,17700,0.83,-0.23445365999999995,0,59,2.02,26117,,,,,,,,,,
8094,0.92,-0.07803458184935153,1.48,0,18000,18000,,,,,,,295,0.028781194,0.10715909123420715,-0.5054430317878723,-0.0278906103502959,0.19130480915307999,0.2,0.001,0.025489676743745804,0.011359214782714844
,,,,,,18000,0.81,-0.21916728,0,60,2.04,26533,,,,,,,,,,
8241,0.96,-0.030904953107237815,1.28,0,18300,18300,,,,,,,300,0.027943123,0.11715909123420715,-0.45286243796348574,-0.021594906486570836,0.19182844519615172,0.2,0.001,0.02216438576579094,-0.22608411312103271
,,,,,,18300,0.8,-0.24657583000000005,0,61,2.07,26960,,,,,,,,,,
8394,0.94,-0.0538113258080557,1.34,0,18600,18600,,,,,,,305,0.015989095,0.10568181842565537,-0.44427825570106505,-0.022222154596820472,0.18641875624656679,0.2,0.001,0.014176294207572937,0.11192739009857178
,,,,,,18600,0.84,-0.17700239999999995,0,62,1.93,27384,,,,,,,,,,
8535,0.92,-0.08061902529094368,1.5,0,18900,18900,,,,,,,310,0.022769466,0.11784090965986252,-0.5251092731952667,-0.025536220222711563,0.1441059896349907,0.2,0.001,0.0005579739809036255,0.13376253843307495
,,,,,,18900,0.78,-0.29055944999999994,0,63,2.31,27869,,,,,,,,,,
8703,0.94,-0.05556480013765395,1.44,0,19200,19200,,,,,,,315,0.019156277,0.1280681821703911,-0.5621718001365662,-0.02204837391152978,0.18508897066116334,0.2,0.001,0.03894956409931183,0.04808992147445679
,,,,,,19200,0.87,-0.14663096000000003,0,64,1.9,28320,,,,,,,,,,
8831,0.94,-0.07764120917767287,1.38,0,19500,19500,,,,,,,320,0.018734712,0.11659090965986252,-0.457737889289856,-0.02454948741942644,0.13282183080911636,0.2,0.001,0.011588599532842636,0.06496518850326538
,,,,,,19500,0.7,-0.31742335,0,65,2.41,28745,,,,,,,,,,
8987,0.92,-0.09182182090356945,1.42,0,19800,19800,,,,,,,325,0.022867788,0.09653409123420716,-0.4952702975273132,-0.02309150092303753,0.16515742629766464,0.2,0.001,0.013388428837060928,0.21961432695388794
,,,,,,19800,0.86,-0.19929959000000003,0,66,1.99,29171,,,,,,,,,,
9137,0.9,-0.09835620521102101,1.54,0,20100,20100,,,,,,,330,0.026064733,0.12363636404275895,-0.586458967924118,-0.026137336269021035,0.17047294557094575,0.2,0.001,0.035294629633426666,0.06923753023147583
,,,,,,20100,0.86,-0.17394663000000002,0,67,1.94,29599,,,,,,,,,,
9295,0.92,-0.07212873941287398,1.32,0,20400,20400,,,,,,,335,0.023740323,0.10988636374473572,-0.5135577130317688,-0.024775572158396243,0.14706429332494736,0.2,0.001,-0.003956567496061325,0.23029589653015137
,,,,,,20400,0.86,-0.16773641,0,68,1.79,30019,,,,,,,,,,
9453,0.92,-0.07685522540006787,1.44,0,20700,20700,,,,,,,340,0.011862939,0.10948863685131073,-0.39545131802558897,-0.013814182840287686,0.16948341310024262,0.2,0.001,0.04201734811067581,0.20372271537780762
,,,,,,20700,0.85,-0.1809908,0,69,1.82,30469,,,,,,,,,,
9616,0.96,-0.05186390537768602,1.32,0,21000,21000,,,,,,,345,0.015358487,0.07363636404275894,-0.37066477596759795,-0.014277782468125224,0.16800530076026918,0.2,0.001,0.02426779642701149,0.1570817232131958
,,,,,,21000,0.84,-0.21463616999999996,0,70,1.96,30904,,,,,,,,,,
9791,0.98,-0.009963773712515831,1.12,0,21300,21300,,,,,,,350,0.022066494,0.07289772778749466,-0.3149372035264969,-0.015439229179173708,0.14975010097026825,0.2,0.001,0.02766283228993416,0.21470242738723755
,,,,,,21300,0.89,-0.14342794,0,71,1.65,31316,,,,,,,,,,
9947,0.9,-0.11436668002046645,1.52,0,21600,21600,,,,,,,355,0.021920675,0.06903409123420716,-0.25997054159641264,-0.01570033695548773,0.16010324835777281,0.2,0.001,0.03357858210802078,0.050702691078186035
,,,,,,21600,0.9,-0.12913977999999998,0,72,1.86,31742,,,,,,,,,,
10087,0.9,-0.07756193316541612,1.52,0,21900,21900,,,,,,,360,0.01645484,0.05517045497894287,-0.21604153037071228,-0.012601366592571139,0.1556216299533844,0.2,0.001,0.0323239266872406,-0.027830123901367188
,,,,,,21900,0.79,-0.26331205,0,73,2.14,32205,,,,,,,,,,
10242,0.98,-0.03182646736036986,1.34,0,22200,22200,,,,,,,365,0.019961383,0.07386363685131073,-0.27124795496463777,-0.011342344172298909,0.17733601450920106,0.2,0.001,0.04111671447753906,0.17879831790924072
,,,,,,22200,0.81,-0.23393,0,74,1.9,32651,,,,,,,,,,
10391,0.94,-0.07056173522025347,1.3,0,22500,22500,,,,,,,370,0.02248786,0.09363636404275893,-0.3200963747501373,-0.013754921220242976,0.1599310427904129,0.2,0.001,0.049781106412410736,0.29758739471435547
,,,,,,22500,0.81,-0.23127900999999998,0,75,2.07,33095,,,,,,,,,,
10538,0.86,-0.11806526844389736,1.66,0,22800,22800,,,,,,,375,0.027144646,0.059488636553287504,-0.2650387704372406,-0.013010512543842197,0.12294035404920578,0.2,0.001,0.02522028610110283,0.4174152612686157
,,,,,,22800,0.82,-0.24103379,0,76,2.07,33557,,,,,,,,,,
10706,0.9,-0.1004634731542319,1.58,0,23100,23100,,,,,,,380,0.026968157,0.08534090965986252,-0.32555528163909914,-0.023602750301361084,0.16246602654457093,0.2,0.001,0.029322881251573563,0.24457532167434692
,,,,,,23100,0.86,-0.16251622,0,77,1.78,34007,,,,,,,,,,
10854,0.96,-0.04375804839655757,1.36,0,23400,23400,,,,,,,385,0.018464303,0.08448863685131074,-0.26265212714672087,-0.015895130028948188,0.19650358349084854,0.2,0.001,0.06270715594291687,0.09313154220581055
,,,,,,23400,0.87,-0.14869994999999997,0,78,1.91,34473,,,,,,,,,,
11015,0.98,-0.03369302275590599,1.24,0,23700,23700,,,,,,,390,0.017272059,0.0723295459151268,-0.2405020773410797,-0.013287296062335372,0.1734666794538498,0.2,0.001,0.031301870942115784,0.1962621808052063
,,,,,,23700,0.84,-0.20611576000000004,0,79,2.01,34913,,,,,,,,,,
11160,0.98,-0.02973502431064844,1.2,0,24000,24000,,,,,,,395,0.025082106,0.07926136404275894,-0.24819621503353118,-0.012375035863369703,0.13710860550403595,0.2,0.001,0.020516468212008476,0.21261847019195557
,,,,,,24000,0.83,-0.24847288999999997,0,80,2.04,35343,,,,,,,,,,
11304,0.98,-0.010961183328181506,1.18,0,24300,24300,,,,,,,400,0.01696323,0.06056818217039108,-0.23819601833820342,-0.010436827745288611,0.17377285689115524,0.2,0.001,0.02657262422144413,0.22282743453979492
,,,,,,24300,0.83,-0.20886701,0,81,2.02,35768,,,,,,,,,,
11465,0.96,-0.051986049190163613,1.34,0,24600,24600,,,,,,,405,0.02523756,0.06653409123420716,-0.2699038696289062,-0.01224663182918448,0.17742168843746187,0.2,0.001,0.057558804750442505,0.04754155874252319
,,,,,,24600,0.84,-0.17946618000000003,0,82,1.83,36202,,,,,,,,,,
11616,0.94,-0.07054769858252258,1.28,0,24900,24900,,,,,,,410,0.028185656,0.11073863714933395,-0.2968354946374893,-0.024453284479677678,0.14690760523080826,0.2,0.001,0.026752404868602753,0.22594863176345825
,,,,,,24900,0.82,-0.22924501999999997,0,83,2.0,36620,,,,,,,,,,
11779,0.84,-0.17640456289052964,1.68,0,25200,25200,,,,,,,415,0.018513994,0.07136363685131072,-0.2205916625261307,-0.007727047335356474,0.14670991271734238,0.2,0.001,0.04599472135305405,0.167716383934021
,,,,,,25200,0.86,-0.18931913,0,84,1.94,37063,,,,,,,,,,
11933,0.92,-0.09396277419757099,1.44,0,25500,25500,,,,,,,420,0.0058860634,0.039034091234207154,-0.17378330945968629,-0.0056992311589419845,0.1711197915673256,0.2,0.001,0.05373126268386841,0.143110454082489
,,,,,,25500,0.83,-0.21153338,0,85,1.94,37499,,,,,,,,,,
12098,0.96,-0.04933966588228941,1.24,0,25800,25800,,,,,,,425,0.022446556,0.05090909123420715,-0.20350815534591674,-0.01416469881311059,0.16325808674097061,0.2,0.001,0.014623520895838737,0.20663446187973022
,,,,,,25800,0.88,-0.15230617000000002,0,86,1.81,37919,,,,,,,,,,
12242,0.96,-0.0503126245457679,1.3,0,26100,26100,,,,,,,430,0.031123767,0.06136363685131073,-0.20981378495693206,-0.013670729640871286,0.15711606830358504,0.2,0.001,0.024847835302352905,0.15871310234069824
,,,,,,26100,0.82,-0.18856451000000005,0,87,1.99,38341,,,,,,,,,,
12402,0.94,-0.07476965150330216,1.5,0,26400,26400,,,,,,,435,0.010732474,0.037897727489471435,-0.12389494895935059,-0.01065830847248435,0.18331295102834702,0.2,0.001,0.04981058090925217,0.15545576810836792
,,,,,,26400,0.85,-0.16428235000000002,0,88,1.74,38759,,,,,,,,,,
12551,0.92,-0.09382803281769156,1.5,0,26700,26700,,,,,,,440,0.011835939,0.037556818425655364,-0.15238547518849374,-0.004123292621225119,0.1302047026157379,0.2,0.001,0.03927190229296684,0.1897120475769043
,,,,,,26700,0.79,-0.24921580000000002,0,89,2.17,39192,,,,,,,,,,
12701,0.94,-0.03565642615314573,1.5,0,27000,27000,,,,,,,445,0.0072682775,0.026477272808551788,-0.08449001759290695,-0.0028445949981687592,0.1600504469871521,0.2,0.001,0.06979189068078995,0.16223210096359253
,,,,,,27000,0.86,-0.19752477000000002,0,90,2.03,39648,,,,,,,,,,
12841,0.94,-0.05199379752855748,1.38,0,27300,27300,,,,,,,450,0.0051003406,0.017954545617103575,-0.08664146304130554,-0.003934605391696096,0.15457435667514802,0.2,0.001,0.05329703539609909,0.19895339012145996
,,,,,,27300,0.81,-0.25271111,0,91,2.12,40091,,,,,,,,,,
12983,0.94,-0.051184690659865736,1.32,0,27600,27600,,,,,,,455,0.029617537,0.04022727280855179,-0.1436162346601486,-0.009478461439721286,0.16441824167966843,0.2,0.001,0.04351723939180374,0.07241767644882202
,,,,,,27600,0.81,-0.24658217999999998,0,92,2.11,40515,,,,,,,,,,
13137,0.92,-0.054406596482731405,1.44,0,27900,27900,,,,,,,460,0.0064339167,0.019772727489471436,-0.14997273862361907,-0.006123639876022935,0.1925649905204773,0.2,0.001,0.041112132370471954,0.04321485757827759
,,,,,,27900,0.81,-0.22419797,0,93,1.99,40938,,,,,,,,,,
13277,0.94,-0.05293742960318923,1.48,0,28200,28200,,,,,,,465,0.021983232,0.0717045459151268,-0.24397059619426728,-0.013685842631384731,0.14863744169473647,0.2,0.001,0.058455295860767365,0.288715660572052
,,,,,,28200,0.78,-0.28779568000000005,0,94,2.23,41367,,,,,,,,,,
13431,0.88,-0.11398343828972429,1.54,0,28500,28500,,,,,,,470,0.010266433,0.04130681842565537,-0.21232671320438384,-0.00961074536666274,0.1969195020198822,0.2,0.001,0.07081808149814606,0.20369523763656616
,,,,,,28500,0.85,-0.20327725000000002,0,95,1.8,41798,,,,,,,,,,
13585,0.94,-0.05348823080770671,1.4,0,28800,28800,,,,,,,475,0.060037803,0.056818182170391085,-0.23900855004787444,-0.01424270343966782,0.18090205132961273,0.2,0.001,0.057225167751312256,0.1776723861694336
,,,,,,28800,0.9,-0.11631890000000002,0,96,1.72,42224,,,,,,,,,,
13727,0.94,-0.07038971193600446,1.3,0,29100,29100,,,,,,,480,0.012973046,0.06704545497894288,-0.3161783242225647,-0.016429883408127354,0.18257085263729095,0.2,0.001,0.034271739423274994,0.17213767766952515
,,,,,,29100,0.79,-0.28341347999999994,0,97,2.23,42655,,,,,,,,,,
13866,0.96,-0.05092577549163252,1.28,0,29400,29400,,,,,,,485,0.043338258,0.08352272778749466,-0.24924967527389527,-0.015456423629075289,0.18633611917495727,0.2,0.001,0.02796000987291336,0.2481604814529419
,,,,,,29400,0.81,-0.22906363,0,98,1.99,43057,,,,,,,,,,
14032,0.98,-0.010239545023068786,1.26,0,29700,29700,,,,,,,490,0.036200963,0.09380681842565536,-0.269646081328392,-0.014860709011554719,0.16357294529676436,0.2,0.001,0.0543769896030426,0.22880816459655762
,,,,,,29700,0.86,-0.20639348000000002,0,99,1.84,43467,,,,,,,,,,
14177,1.0,-0.00834467808715999,1.14,0,30000,30000,,,,,,,495,0.029168073,0.07789772748947144,-0.26293954730033875,-0.015366919338703156,0.17634768337011336,0.2,0.001,0.050636760890483856,0.2312195897102356
,,,,,,30000,0.81,-0.22918989,0,100,2.09,43871,,,,,,,,,,
14316,0.92,-0.07242228458635509,1.34,0,30300,30300,,,,,,,500,0.039295215,0.09670454531908035,-0.2340107947587967,-0.014442364796996116,0.15122541785240173,0.2,0.001,0.015588473528623581,0.31719398498535156
,,,,,,30300,0.85,-0.19210683999999997,0,101,2.02,44287,,,,,,,,,,
14463,0.96,-0.05191635285038501,1.32,0,30600,30600,,,,,,,505,0.024967954,0.07005681842565536,-0.16229991167783736,-0.010393399701279123,0.16208371102809907,0.2,0.001,0.03163781389594078,0.27805328369140625
,,,,,,30600,0.79,-0.27358988999999995,0,102,2.13,44698,,,,,,,,,,
14612,0.9,-0.12149548114277423,1.56,0,30900,30900,,,,,,,510,0.043387406,0.07272727310657501,-0.162369664311409,-0.011519058723933995,0.20261839032173157,0.2,0.001,0.058426640927791595,0.20789194107055664
,,,,,,30900,0.78,-0.24535046000000002,0,103,2.02,45117,,,,,,,,,,
14776,0.92,-0.0926698279287666,1.4,0,31200,31200,,,,,,,515,0.027088959,0.0660795459151268,-0.21669256329536438,-0.011715306993573904,0.1724647253751755,0.2,0.001,0.04977588355541229,0.27591443061828613
,,,,,,31200,0.83,-0.19345560000000003,0,104,1.86,45548,,,,,,,,,,
14920,0.96,-0.05117834738455713,1.26,0,31500,31500,,,,,,,520,0.031647086,0.09465909123420715,-0.22050793200731278,-0.010576523654162884,0.14488209098577498,0.2,0.001,0.01931612938642502,0.3547934293746948
,,,,,,31500,0.8,-0.19749026999999997,0,105,2.09,45953,,,,,,,,,,
15079,0.96,-0.05286106911487878,1.36,0,31800,31800,,,,,,,525,0.01650821,0.06113636404275894,-0.17366122215986252,-0.009970647669397294,0.16351440638303757,0.2,0.001,0.02402438595890999,0.11128854751586914
,,,,,,31800,0.84,-0.18888772000000004,0,106,1.93,46354,,,,,,,,,,
15229,0.84,-0.1611757995421067,1.66,0,32100,32100,,,,,,,530,0.042261284,0.08875000029802323,-0.2406275349855423,-0.01100892674177885,0.14970166474580765,0.2,0.001,0.015815794467926025,0.25721603631973267
,,,,,,32100,0.85,-0.18163042999999998,0,107,1.9,46859,,,,,,,,,,
15365,1.0,-0.006214376515708863,1.02,0,32400,32400,,,,,,,535,0.028635493,0.09823863625526429,-0.23717123985290528,-0.013903360357508063,0.17106526106595993,0.2,0.001,0.05854327231645584,0.12912094593048096
,,,,,,32400,0.81,-0.22016085,0,108,2.1,47241,,,,,,,,,,
15519,0.96,-0.03287446445785463,1.38,0,32700,32700,,,,,,,540,0.010682506,0.07142045497894287,-0.18724478781223297,-0.009243145461659878,0.1945875108242035,0.2,0.001,0.05485934019088745,0.08225113153457642
,,,,,,32700,0.85,-0.18827509999999997,0,109,1.94,47645,,,,,,,,,,
15650,0.94,-0.07244756373111158,1.26,0,33000,33000,,,,,,,545,0.025397062,0.04460227310657501,-0.1243696829676628,-0.00591804763302207,0.16784560889005662,0.2,0.001,0.021665405482053757,0.07886373996734619
,,,,,,33000,0.73,-0.32763216,0,110,2.33,48052,,,,,,,,,,
15806,0.94,-0.054869137429632245,1.38,0,33300,33300,,,,,,,550,0.010934142,0.02426136374473572,-0.09947622448205948,-0.005153481264133006,0.2040282553434372,0.2,0.001,0.07828742265701294,0.13753622770309448
,,,,,,33300,0.85,-0.16469197000000002,0,111,1.78,48457,,,,,,,,,,
15945,0.88,-0.12093269971664995,1.56,0,33600,33600,,,,,,,555,0.01109753,0.0422159093618393,-0.14977066189050675,-0.008835412934422493,0.15221024602651595,0.2,0.001,0.057454776018857956,0.2503845691680908
,,,,,,33600,0.82,-0.21516338000000002,0,112,2.05,48865,,,,,,,,,,
16114,0.82,-0.13863891068380327,1.76,0,33900,33900,,,,,,,560,0.014818542,0.036363636553287504,-0.10663858205080032,-0.009014181364327668,0.1713591092824936,0.2,0.001,0.04768172651529312,0.1854928731918335
,,,,,,33900,0.89,-0.1468142,0,113,1.74,49304,,,,,,,,,,
16290,0.94,-0.07546647700015456,1.34,0,34200,34200,,,,,,,565,0.015510872,0.029204545617103575,-0.10557088911533356,-0.006259571665432304,0.17349884569644927,0.2,0.001,0.06979908794164658,0.04751807451248169
,,,,,,34200,0.91,-0.13880031,0,114,1.68,49711,,,,,,,,,,
16424,0.84,-0.18550044958479703,1.8,0,34500,34500,,,,,,,570,0.025611764,0.06301136404275894,-0.15879235297441482,-0.011273784935474396,0.13195071250200271,0.2,0.001,0.02995728701353073,0.19457483291625977
,,,,,,34500,0.79,-0.23016545000000005,0,115,2.18,50143,,,,,,,,,,
16578,0.94,-0.07570954681839794,1.38,0,34800,34800,,,,,,,575,0.02543036,0.055284091234207154,-0.15200054451823233,-0.01241537175141275,0.17743510395288467,0.2,0.001,0.05161496624350548,0.1885840892791748
,,,,,,34800,0.82,-0.20841732000000002,0,116,2.01,50553,,,,,,,,,,
16708,0.96,-0.03273977451492101,1.36,0,35100,35100,,,,,,,580,0.013971957,0.046022727489471435,-0.20029464960098267,-0.012125368561828508,0.18429872632026673,0.2,0.001,0.07617596536874771,0.12743395566940308
,,,,,,35100,0.78,-0.29469992,0,117,2.28,50961,,,,,,,,,,
16851,0.86,-0.1716509239701554,1.78,0,35400,35400,,,,,,,585,0.07202919,0.05125000029802322,-0.1466559562087059,-0.009418067114893347,0.19302568197250367,0.2,0.001,0.05446213111281395,0.14267027378082275
,,,,,,35400,0.83,-0.19771489999999997,0,118,1.96,51405,,,,,,,,,,
17001,0.96,-0.05055000521242618,1.3,0,35700,35700,,,,,,,590,0.026624154,0.06210227310657501,-0.2246449136734009,-0.012511460557579995,0.18872754096984865,0.2,0.001,0.0771203339099884,0.14030086994171143
,,,,,,35700,0.84,-0.19563886,0,119,1.96,51821,,,,,,,,,,
17161,0.94,-0.08058557754382491,1.48,0,36000,36000,,,,,,,595,0.02914882,0.05892045497894287,-0.19805355966091157,-0.006455018445849419,0.18439380913972855,0.2,0.001,0.059987712651491165,0.10140568017959595
,,,,,,36000,0.84,-0.21784894000000002,0,120,1.95,52239,,,,,,,,,,
17306,0.92,-0.07148575607221573,1.38,0,36300,36300,,,,,,,600,0.044872604,0.07460227280855179,-0.19728919625282287,-0.01593702206388116,0.20159465610980987,0.2,0.001,0.06253805011510849,0.11332494020462036
,,,,,,36300,0.79,-0.25787992000000004,0,121,2.1,52655,,,,,,,,,,
17446,0.92,-0.07299067926593125,1.48,0,36600,36600,,,,,,,605,0.030194882,0.08062500029802322,-0.1737838378548622,-0.010380538292229175,0.1723366993665695,0.2,0.001,0.04019102454185486,0.21317899227142334
,,,,,,36600,0.8,-0.25102251000000003,0,122,2.19,53082,,,,,,,,,,
17595,0.92,-0.0799212143290788,1.4,0,36900,36900,,,,,,,610,0.05107541,0.08000000059604645,-0.16316428035497665,-0.014237132240086794,0.1937481278181076,0.2,0.001,0.05653102323412895,0.15575963258743286
,,,,,,36900,0.78,-0.25556436,0,123,2.08,53496,,,,,,,,,,
17732,0.96,-0.05101217145100236,1.32,0,37200,37200,,,,,,,615,0.012674453,0.05142045497894287,-0.1620046803355217,-0.00937172481790185,0.15621557086706161,0.2,0.001,0.02707419916987419,0.28631216287612915
,,,,,,37200,0.76,-0.28653426,0,124,2.21,53900,,,,,,,,,,
17882,0.92,-0.07195740450639278,1.44,0,37500,37500,,,,,,,620,0.014919823,0.06352272778749465,-0.16933896273374557,-0.01090459931641817,0.14964677959680558,0.2,0.001,0.04084306210279465,0.3228822946548462
,,,,,,37500,0.82,-0.22107993,0,125,2.05,54324,,,,,,,,,,
18023,0.98,-0.02955915171187371,1.26,0,37800,37800,,,,,,,625,0.05785637,0.1013636365532875,-0.23971341609954833,-0.02076275546103716,0.15132849156856537,0.2,0.001,0.015183951705694199,0.24492555856704712
,,,,,,37800,0.82,-0.24003817000000002,0,126,2.06,54729,,,,,,,,,,
18168,0.94,-0.051705810599960385,1.36,0,38100,38100,,,,,,,630,0.028365439,0.10096590965986252,-0.2769255644083023,-0.015489145620667841,0.16554966062307358,0.2,0.001,0.05079888924956322,0.32750648260116577
,,,,,,38100,0.8,-0.23404118999999998,0,127,2.06,55146,,,,,,,,,,
18325,0.96,-0.05262212416622788,1.38,0,38400,38400,,,,,,,635,0.038846068,0.12767045497894286,-0.2866008085012436,-0.020743201225996016,0.13348651856184005,0.2,0.001,0.04612355679273605,0.3858489990234375
,,,,,,38400,0.84,-0.19676130999999997,0,128,1.95,55551,,,,,,,,,,
18495,0.92,-0.05097045339178294,1.4,0,38700,38700,,,,,,,640,0.026878765,0.07960227310657501,-0.18772620022296904,-0.016757233645766974,0.15684689491987228,0.2,0.001,0.01476544514298439,0.2926381826400757
,,,,,,38700,0.89,-0.13351978,0,129,1.69,55974,,,,,,,,,,
18637,0.96,-0.031816182173788544,1.34,0,39000,39000,,,,,,,645,0.0150641445,0.031818182170391084,-0.13037703663110733,-0.005325378067791462,0.16252371966838836,0.2,0.001,0.057577863335609436,0.15772110223770142
,,,,,,39000,0.83,-0.19160702999999998,0,130,2.04,56423,,,,,,,,,,
18776,0.96,-0.05284620220772922,1.22,0,39300,39300,,,,,,,650,0.019271228,0.046363636553287506,-0.14201990112662316,-0.010912936320528388,0.20070403158664704,0.2,0.001,0.07690183818340302,0.07007461786270142
,,,,,,39300,0.79,-0.2616488699999999,0,131,2.15,56822,,,,,,,,,,
18923,1.0,-0.009655836941674352,1.26,0,39600,39600,,,,,,,655,0.04383863,0.058636363744735714,-0.17009891986846923,-0.008319301139563322,0.18477242052555085,0.2,0.001,0.04966665059328079,0.2252008318901062
,,,,,,39600,0.79,-0.24163996000000004,0,132,2.17,57222,,,,,,,,,,
19079,0.94,-0.054730278751812876,1.46,0,39900,39900,,,,,,,660,0.033473946,0.07977272778749465,-0.16938174039125442,-0.010373927466571332,0.14578135043382645,0.2,0.001,0.05652889609336853,0.2809831500053406
,,,,,,39900,0.85,-0.20145561999999997,0,133,1.93,57655,,,,,,,,,,
19236,0.96,-0.029621939649805428,1.24,0,40200,40200,,,,,,,665,0.028928656,0.048125000298023225,-0.17238710820674896,-0.009951213309541344,0.19446477949619292,0.2,0.001,0.09847051650285721,0.1603093147277832
,,,,,,40200,0.84,-0.19552415,0,134,1.92,58083,,,,,,,,,,
19378,0.92,-0.10332372919190674,1.56,0,40500,40500,,,,,,,670,0.028576005,0.06329545497894287,-0.15421062529087068,-0.011513213533908129,0.16811677157878877,0.2,0.001,0.04057681933045387,0.3160363435745239
,,,,,,40500,0.78,-0.29947263999999996,0,135,2.23,58498,,,,,,,,,,
19546,0.96,-0.05019089823588729,1.24,0,40800,40800,,,,,,,675,0.031536374,0.06517045497894287,-0.18086527407169342,-0.013056949423626065,0.1644633460044861,0.2,0.001,0.029048452153801918,0.2890509366989136
,,,,,,40800,0.85,-0.15792573000000001,0,136,1.82,58919,,,,,,,,,,
19681,0.92,-0.09509258675854654,1.46,0,41100,41100,,,,,,,680,0.02091304,0.06295454561710358,-0.15349462807178496,-0.011387132499366999,0.12413079112768173,0.2,0.001,-0.0009150579571723938,0.3251180052757263
,,,,,,41100,0.77,-0.28285140999999997,0,137,2.29,59329,,,,,,,,,,
19838,0.98,-0.030390262245200573,1.18,0,41400,41400,,,,,,,685,0.02314131,0.05375000029802322,-0.15793688863515853,-0.012127315010875463,0.17614942848682402,0.2,0.001,0.05073244497179985,0.15089643001556396
,,,,,,41400,0.79,-0.23715698999999998,0,138,2.13,59740,,,,,,,,,,
19982,0.94,-0.0729099892405793,1.42,0,41700,41700,,,,,,,690,0.03343409,0.06176136404275894,-0.15312488675117492,-0.009481379142962397,0.15803469359874725,0.2,0.001,0.05028284713625908,0.21819067001342773
,,,,,,41700,0.84,-0.18921702999999998,0,139,1.97,60168,,,,,,,,,,
20115,0.96,-0.03293699846137315,1.44,0,42000,42000,,,,,,,695,0.024215471,0.05579545497894287,-0.15832911759614945,-0.010091926418244839,0.16504289984703063,0.2,0.001,0.029008952900767326,0.1007804274559021
,,,,,,42000,0.76,-0.30202473,0,140,2.29,60592,,,,,,,,,,
20266,0.92,-0.05579861997626722,1.46,0,42300,42300,,,,,,,700,0.015393895,0.06704545468091964,-0.18532965809106827,-0.010690345233306288,0.1939368388056755,0.2,0.001,0.033744748681783676,0.17715877294540405
,,,,,,42300,0.83,-0.22623788,0,141,1.88,61012,,,,,,,,,,
20394,0.96,-0.049669901854358614,1.24,0,42600,42600,,,,,,,705,0.047145866,0.09465909093618392,-0.22488097250461578,-0.012858483400195837,0.19642129838466643,0.2,0.001,0.0070183053612709045,0.14946281909942627
,,,,,,42600,0.74,-0.30222021999999993,0,142,2.39,61407,,,,,,,,,,
20536,0.8,-0.21216230751015247,1.84,0,42900,42900,,,,,,,710,0.062579036,0.12380681842565537,-0.1987590765953064,-0.009074064083397388,0.18083670914173125,0.2,0.001,0.04214921221137047,0.08600109815597534
,,,,,,42900,0.88,-0.16897236000000004,0,143,1.9,61852,,,,,,,,,,
20685,0.88,-0.11857372571714223,1.72,0,43200,43200,,,,,,,715,0.03912092,0.11386363714933395,-0.2208683258295059,-0.01810394389554858,0.17330958306789399,0.2,0.001,0.04431116208434105,0.22927570343017578
,,,,,,43200,0.9,-0.10432781,0,144,1.94,62298,,,,,,,,,,
20824,0.94,-0.07785061033442617,1.38,0,43500,43500,,,,,,,720,0.04061454,0.13454545468091964,-0.2883814346790314,-0.018442607121542096,0.13727719366550445,0.2,0.001,0.004729103296995163,0.18880468606948853
,,,,,,43500,0.85,-0.21048390000000006,0,145,2.1,62726,,,,,,,,,,
20957,0.86,-0.10177311680745334,1.76,0,43800,43800,,,,,,,725,0.01860243,0.08698863685131072,-0.3187165999412537,-0.019849359411746263,0.1636443966627121,0.2,0.001,0.05177036672830582,0.16884571313858032
,,,,,,43800,0.78,-0.2828623,0,146,2.31,63161,,,,,,,,,,
21087,0.88,-0.09910158994607628,1.62,0,44100,44100,,,,,,,730,0.036414925,0.11386363685131073,-0.3015977489948273,-0.022740465439856052,0.19523343920707703,0.2,0.001,0.03775574266910553,0.14565587043762207
,,,,,,44100,0.8,-0.26141878999999996,0,147,2.3,63591,,,,,,,,,,
21238,0.92,-0.09629682921804487,1.6,0,44400,44400,,,,,,,735,0.0438265,0.10897727340459823,-0.2500781124830246,-0.022767151426523923,0.15264917016029358,0.2,0.001,0.01833213120698929,0.28548485040664673
,,,,,,44400,0.86,-0.19880909999999996,0,148,1.88,64021,,,,,,,,,,
21388,0.96,-0.032309099435806274,1.32,0,44700,44700,,,,,,,740,0.038132556,0.11835227280855179,-0.26781421542167666,-0.017038507647812368,0.19090735852718355,0.2,0.001,0.0798662006855011,0.10051178932189941
,,,,,,44700,0.82,-0.18917806000000004,0,149,2.09,64453,,,,,,,,,,
21534,0.96,-0.05021023538894951,1.22,0,45000,45000,,,,,,,745,0.034012146,0.09301136374473572,-0.305209499001503,-0.01904818059876561,0.13831398218870164,0.2,0.001,0.0636695846915245,0.18030774593353271
,,,,,,45000,0.82,-0.22979981999999996,0,150,2.06,64889,,,,,,,,,,
21699,0.94,-0.053209211844950914,1.34,0,45300,45300,,,,,,,750,0.03395464,0.12340909153223038,-0.28437390089035036,-0.01541994247585535,0.17987623393535615,0.2,0.001,0.04377179592847824,0.24321013689041138
,,,,,,45300,0.86,-0.17587726999999997,0,151,1.9,65314,,,,,,,,,,
21855,0.98,-0.0364560571173206,1.26,0,45600,45600,,,,,,,755,0.07816459,0.14784090906381608,-0.23835798382759094,-0.019915297143161297,0.13445680916309358,0.2,0.001,-0.03281007334589958,0.22165918350219727
,,,,,,45600,0.84,-0.20989967,0,152,1.93,65720,,,,,,,,,,
21998,0.96,-0.05049942606594413,1.28,0,45900,45900,,,,,,,760,0.03187261,0.11750000029802322,-0.33292693495750425,-0.016858007945120334,0.14471713870763778,0.2,0.001,0.011230409145355225,0.3533746600151062
,,,,,,45900,0.8,-0.21078526999999997,0,153,2.1,66116,,,,,,,,,,
22140,0.96,-0.051962690223008395,1.28,0,46200,46200,,,,,,,765,0.03333756,0.12301136404275895,-0.29772073447704317,-0.017130410843528808,0.18601231634616852,0.2,0.001,0.08354408293962479,0.13568758964538574
,,,,,,46200,0.8,-0.23587317,0,154,2.03,66519,,,,,,,,,,
22283,0.96,-0.051640570336021485,1.3,0,46500,46500,,,,,,,770,0.04191027,0.11539772748947144,-0.2854555732011795,-0.02023736522300169,0.15578942626714706,0.2,0.001,0.003275226801633835,0.3377388119697571
,,,,,,46500,0.83,-0.21038558000000002,0,155,2.01,66937,,,,,,,,,,
22453,0.98,-0.039950751373544334,1.38,0,46800,46800,,,,,,,775,0.04845388,0.125227273106575,-0.2913033717870712,-0.01634593046270311,0.18193655639886855,0.2,0.001,0.05040949955582619,-0.051766037940979004
,,,,,,46800,0.92,-0.11577841,0,156,1.76,67375,,,,,,,,,,
22605,0.94,-0.0781692281831056,1.38,0,47100,47100,,,,,,,780,0.03568694,0.10102272778749466,-0.29627887189388274,-0.020756089463829994,0.1455983066558838,0.2,0.001,0.023503031581640244,0.039716124534606934
,,,,,,47100,0.86,-0.17634766000000002,0,157,1.94,67820,,,,,,,,,,
22753,0.98,-0.00897586724255234,1.22,0,47400,47400,,,,,,,785,0.031358577,0.13142045468091965,-0.3310322815179825,-0.02774778626859188,0.1315944355726242,0.2,0.001,0.01935039833188057,0.30390673875808716
,,,,,,47400,0.85,-0.18240736000000002,0,158,1.98,68247,,,,,,,,,,
22889,0.92,-0.0978119864501059,1.5,0,47700,47700,,,,,,,790,0.03487935,0.09744318246841431,-0.28703370928764343,-0.02282049162313342,0.1779300257563591,0.2,0.001,0.04440366104245186,0.12056952714920044
,,,,,,47700,0.76,-0.29353277,0,159,2.23,68668,,,,,,,,,,
23031,0.92,-0.07651449320837855,1.42,0,48000,48000,,,,,,,795,0.038550057,0.12352272719144822,-0.32692402124404907,-0.022770265974104406,0.1752086842060089,0.2,0.001,0.01603091135621071,0.28423649072647095
,,,,,,48000,0.86,-0.17347102,0,160,1.89,69092,,,,,,,,,,
23188,0.9,-0.11524635874666274,1.6,0,48300,48300,,,,,,,800,0.055460285,0.12261363625526428,-0.2856138473749161,-0.022044490752741695,0.1644674050807953,0.2,0.001,0.014764059334993362,0.30109941959381104
,,,,,,48300,0.86,-0.19821475,0,161,1.82,69546,,,,,,,,,,
23340,0.96,-0.05121488182339817,1.24,0,48600,48600,,,,,,,805,0.0795915,0.12215909123420715,-0.2193104574084282,-0.02239159548655152,0.16827983230352403,0.2,0.001,0.05419635772705078,0.2435932159423828
,,,,,,48600,0.88,-0.15875436999999998,0,162,1.91,69959,,,,,,,,,,
23495,0.96,-0.05325640747789293,1.28,0,48900,48900,,,,,,,810,0.028505867,0.07857954561710358,-0.160744226872921,-0.013070260193198919,0.1595344865322113,0.2,0.001,0.03295350819826126,0.18047982454299927
,,,,,,48900,0.86,-0.17852250000000003,0,163,2.0,70389,,,,,,,,,,
23636,1.0,-0.010486802449449897,1.24,0,49200,49200,,,,,,,815,0.039221037,0.080625,-0.17779058009386062,-0.02028757132589817,0.15985677421092986,0.2,0.001,0.023395337164402008,0.1078675389289856
,,,,,,49200,0.77,-0.23890789,0,164,2.11,71048,,,,,,,,,,
23783,0.96,-0.052697088094428184,1.32,0,49500,49500,,,,,,,820,0.060963463,0.06113636404275894,-0.143894502222538,-0.01629619753919542,0.17900896519422532,0.2,0.001,0.028373248875141144,0.19053363800048828
,,,,,,49500,0.81,-0.22262535,0,165,2.02,71491,,,,,,,,,,
23924,0.94,-0.07304650188423693,1.34,0,49800,49800,,,,,,,825,0.056987774,0.08284090965986252,-0.1729973202943802,-0.019959607161581516,0.1524791494011879,0.2,0.001,0.013384560123085976,0.28774601221084595
,,,,,,49800,0.78,-0.22962726,0,166,2.15,71919,,,,,,,,,,
24070,0.94,-0.07987844704184681,1.44,0,50100,50100,,,,,,,830,0.026901687,0.0648295459151268,-0.164167440533638,-0.008598425090312958,0.15639615833759307,0.2,0.001,0.046396128833293915,0.2123456597328186
,,,,,,50100,0.83,-0.21005416,0,167,2.03,72345,,,,,,,,,,
24233,0.96,-0.05420851859264076,1.32,0,50400,50400,,,,,,,835,0.03280571,0.08113636404275894,-0.14010824918746947,-0.011324461365584284,0.1960546651482582,0.2,0.001,0.04839463531970978,0.07864373922348022
,,,,,,50400,0.87,-0.18193517999999997,0,168,1.89,72764,,,,,,,,,,
24372,0.96,-0.03205977886915207,1.34,0,50700,50700,,,,,,,840,0.05077555,0.09210227310657501,-0.15206998616456985,-0.01631240552291274,0.15479604929685592,0.2,0.001,0.034619372338056564,0.2883690595626831
,,,,,,50700,0.84,-0.18906330000000002,0,169,2.05,73195,,,,,,,,,,
24518,0.9,-0.09655848343856632,1.56,0,51000,51000,,,,,,,845,0.10068643,0.09039772778749466,-0.15873910695314408,-0.01198959819972515,0.18578077912330626,0.2,0.001,0.06054515391588211,0.16506433486938477
,,,,,,51000,0.79,-0.22588536,0,170,2.1,73630,,,,,,,,,,
24665,0.94,-0.05364412736147642,1.36,0,51300,51300,,,,,,,850,0.06823546,0.1082954552769661,-0.14565825521945952,-0.014624150362797081,0.16057687014341354,0.2,0.001,0.018632734194397926,0.15548557043075562
,,,,,,51300,0.82,-0.22258150000000002,0,171,1.95,74059,,,,,,,,,,
24804,0.96,-0.031266909125261005,1.32,0,51600,51600,,,,,,,855,0.034797587,0.08613636404275894,-0.16268214255571364,-0.011695820617023855,0.1579327404499054,0.2,0.001,0.0331011563539505,0.3015052080154419
,,,,,,51600,0.81,-0.24948766999999997,0,172,2.12,74502,,,,,,,,,,
24936,0.9,-0.0742502423422411,1.52,0,51900,51900,,,,,,,860,0.035598304,0.06164772778749466,-0.1773642948269844,-0.009115605703555048,0.1705721065402031,0.2,0.001,0.06258729845285416,0.1672878861427307
,,,,,,51900,0.84,-0.20169244999999997,0,173,2.14,74944,,,,,,,,,,
25096,0.94,-0.05219973458908498,1.32,0,52200,52200,,,,,,,865,0.024173472,0.06573863685131073,-0.1725050264596939,-0.01360041334759444,0.14843758016824724,0.2,0.001,0.0296636950224638,0.3113003969192505
,,,,,,52200,0.84,-0.19268689000000003,0,174,1.96,75384,,,,,,,,,,
25236,0.96,-0.031559884711168704,1.22,0,52500,52500,,,,,,,870,0.016637292,0.05210227310657501,-0.19859760761260986,-0.010502824541181326,0.16059937596321106,0.2,0.001,0.03899712115526199,0.10681068897247314
,,,,,,52500,0.84,-0.20853906,0,175,1.94,75793,,,,,,,,,,
25375,0.96,-0.049321529185399414,1.22,0,52800,52800,,,,,,,875,0.08589991,0.10028409123420716,-0.26880104422569273,-0.02043221805244684,0.16637748956680298,0.2,0.001,0.0030410997569561005,0.12155139446258545
,,,,,,52800,0.79,-0.26760280000000003,0,176,2.16,76213,,,,,,,,,,
25537,0.94,-0.07547857765108347,1.34,0,53100,53100,,,,,,,880,0.051314242,0.0829545459151268,-0.23625369161367415,-0.013151844232343137,0.17636628687381745,0.2,0.001,0.05349916219711304,0.21093541383743286
,,,,,,53100,0.9,-0.11924789000000001,0,177,1.77,76641,,,,,,,,,,
25689,0.98,-0.031351579995825885,1.32,0,53400,53400,,,,,,,885,0.051285952,0.09886363685131073,-0.24497584342956544,-0.020361336106434466,0.12193789541721343,0.2,0.001,0.029070772230625153,0.29042989015579224
,,,,,,53400,0.84,-0.21538000000000002,0,178,2.05,77061,,,,,,,,,,
25828,0.9,-0.11967044903431087,1.58,0,53700,53700,,,,,,,890,0.09649049,0.14136363595724105,-0.2946343940496445,-0.016954666078090666,0.15270365118980408,0.2,0.001,0.03285222500562668,0.14214086532592773
,,,,,,53700,0.77,-0.25759382000000003,0,179,2.25,77488,,,,,,,,,,
25957,0.96,-0.052111002611927686,1.32,0,54000,54000,,,,,,,895,0.10028006,0.12602272719144822,-0.2622412201762199,-0.010555923087522387,0.1534826225042343,0.2,0.001,0.043951667845249176,0.22106397151947021
,,,,,,54000,0.75,-0.33228165000000004,0,180,2.26,77936,,,,,,,,,,
26104,0.94,-0.07014561805874109,1.34,0,54300,54300,,,,,,,900,0.038115256,0.14051136434078215,-0.3338301062583923,-0.0258019944652915,0.20739712715148925,0.2,0.001,0.04392078518867493,0.2099725604057312
,,,,,,54300,0.78,-0.26842515,0,181,2.09,78388,,,,,,,,,,
26233,0.94,-0.07223463681526482,1.36,0,54600,54600,,,,,,,905,0.05908487,0.11801136434078216,-0.264766703248024,-0.016780028678476812,0.18805905640125276,0.2,0.001,0.08993332087993622,0.12840968370437622
,,,,,,54600,0.76,-0.27294528,0,182,2.27,78894,,,,,,,,,,
26381,0.88,-0.11888514881953598,1.84,0,54900,54900,,,,,,,910,0.048246168,0.17568181902170182,-0.36370986342430117,-0.015281209349632263,0.17484525650739668,0.2,0.001,0.04268227517604828,0.17503118515014648
,,,,,,54900,0.86,-0.16959548000000002,0,183,1.94,79361,,,,,,,,,,
26555,0.92,-0.07100442136637866,1.38,0,55200,55200,,,,,,,915,0.03553724,0.11437500029802322,-0.26162230253219604,-0.02227071948349476,0.17387414515018462,0.2,0.001,0.02550123631954193,0.19873392581939697
,,,,,,55200,0.92,-0.11602662999999998,0,184,1.67,79805,,,,,,,,,,
26706,0.98,-0.028822006550617518,1.16,0,55500,55500,,,,,,,920,0.035777785,0.08988636434078216,-0.2311712920665741,-0.013575684428215027,0.1610592472553253,0.2,0.001,0.012650452554225922,0.15525907278060913
,,,,,,55500,0.84,-0.18950558,0,185,1.91,80233,,,,,,,,,,
26854,0.96,-0.02914577455725521,1.22,0,55800,55800,,,,,,,925,0.03643242,0.07000000029802322,-0.2156440234184265,-0.01239937356673181,0.1813584905862808,0.2,0.001,0.03860200196504593,0.2227352261543274
,,,,,,55800,0.83,-0.20545648,0,186,2.06,80655,,,,,,,,,,
27006,0.96,-0.033724042447283865,1.36,0,56100,56100,,,,,,,930,0.10507747,0.118352273106575,-0.2423905235528946,-0.02024522720836103,0.16633112192153932,0.2,0.001,0.0721069872379303,0.27350330352783203
,,,,,,56100,0.79,-0.25998448,0,187,2.06,81105,,,,,,,,,,
27152,0.88,-0.1344714199891314,1.54,0,56400,56400,,,,,,,935,0.046742864,0.08556818217039108,-0.19762841910123824,-0.010844591138884425,0.20934968709945678,0.2,0.001,0.08523481339216232,0.04728662967681885
,,,,,,56400,0.84,-0.22030502,0,188,1.92,81708,,,,,,,,,,
27297,0.98,-0.028790044402703642,1.2,0,56700,56700,,,,,,,940,0.04226529,0.07937500029802322,-0.23279154002666474,-0.01539689963683486,0.18672953009605409,0.2,0.001,0.05499621480703354,0.3062739372253418
,,,,,,56700,0.79,-0.21985712,0,189,2.05,82130,,,,,,,,,,
27436,0.92,-0.07477514948695899,1.44,0,57000,57000,,,,,,,945,0.04174858,0.08988636404275895,-0.22935849487781523,-0.0153335215523839,0.16670509189367294,0.2,0.001,0.003547903150320053,0.25357353687286377
,,,,,,57000,0.81,-0.24148424999999998,0,190,2.02,82592,,,,,,,,,,
27571,0.98,-0.030229992405511438,1.26,0,57300,57300,,,,,,,950,0.031141218,0.10556818217039109,-0.26143482983112337,-0.021331038302741946,0.19365809738636017,0.2,0.001,0.0482514463365078,0.18264347314834595
,,,,,,57300,0.78,-0.24886872999999995,0,191,2.24,83016,,,,,,,,,,
27730,0.92,-0.08076372063718736,1.5,0,57600,57600,,,,,,,955,0.034318954,0.1073295459151268,-0.163322796523571,-0.013464389084838331,0.1912094098329544,0.2,0.001,0.05535326153039932,0.17988479137420654
,,,,,,57600,0.84,-0.18882344,0,192,1.96,83462,,,,,,,,,,
27888,0.94,-0.051463806885294616,1.38,0,57900,57900,,,,,,,960,0.027254924,0.0698295459151268,-0.1656003999710083,-0.006938341069035232,0.1626116669178009,0.2,0.001,0.06294495612382889,0.26478254795074463
,,,,,,57900,0.86,-0.17836322000000002,0,193,1.88,83902,,,,,,,,,,
28028,0.88,-0.096726128696464,1.56,0,58200,58200,,,,,,,965,0.038087133,0.06176136404275894,-0.19043572664260863,-0.012643527127802373,0.19663769692182542,0.2,0.001,0.07158162444829941,0.18476444482803345
,,,,,,58200,0.81,-0.21285166,0,194,2.23,84332,,,,,,,,,,
28166,0.86,-0.15868832702748478,1.74,0,58500,58500,,,,,,,970,0.028923213,0.09431818217039108,-0.18504814565181732,-0.011337272133678198,0.16719263643026352,0.2,0.001,0.0344729945063591,0.12467724084854126
,,,,,,58500,0.84,-0.20358658000000002,0,195,2.08,84767,,,,,,,,,,
28304,0.96,-0.05019145474303514,1.22,0,58800,58800,,,,,,,975,0.047450982,0.09295454591512681,-0.20255378812551497,-0.011761550940573216,0.1921148592233658,0.2,0.001,0.04383891820907593,0.1805383563041687
,,,,,,58800,0.82,-0.22878904000000003,0,196,2.07,85198,,,,,,,,,,
28450,0.92,-0.05400197357870638,1.5,0,59100,59100,,,,,,,980,0.05221399,0.07835227280855178,-0.1671716669201851,-0.01168386555276811,0.18683826178312302,0.2,0.001,0.04015633836388588,0.21958869695663452
,,,,,,59100,0.8,-0.22508149999999996,0,197,2.03,85641,,,,,,,,,,
28602,0.96,-0.031320556756109,1.26,0,59400,59400,,,,,,,985,0.064553484,0.09437500029802322,-0.17897906690835952,-0.015183205897919834,0.1742272961139679,0.2,0.001,0.05272172391414642,0.21600133180618286
,,,,,,59400,0.83,-0.22551132999999993,0,198,2.02,86078,,,,,,,,,,
28750,0.98,-0.031251066653057935,1.3,0,59700,59700,,,,,,,990,0.039742697,0.06465909123420716,-0.18173278570175172,-0.009212577370926739,0.18771959394216536,0.2,0.001,0.06813085079193115,0.3126716613769531
,,,,,,59700,0.82,-0.21647696,0,199,2.03,86510,,,,,,,,,,
28905,0.96,-0.0499641955178231,1.3,0,60000,60000,,,,,,,995,0.10609983,0.07573863685131073,-0.23277753114700317,-0.014164209626615047,0.2161299031972885,0.2,0.001,0.056930750608444214,0.06278103590011597
,,,,,,60000,0.82,-0.24156706000000003,0,200,2.04,86927,,,,,,,,,,
29053,0.98,-0.028267364650964737,1.14,0,60300,60300,,,,,,,1000,0.0338401,0.07079545497894286,-0.16899356603622437,-0.012462714221328497,0.15812703400850295,0.2,0.001,0.026168789714574814,0.32092928886413574
,,,,,,60300,0.79,-0.27390477,0,201,2.16,87343,,,,,,,,,,
29196,0.98,-0.02931669513694942,1.18,0,60600,60600,,,,,,,1005,0.021594474,0.07392045497894287,-0.23868512809276582,-0.01596505707129836,0.16995764762163162,0.2,0.001,0.01646629348397255,0.27306103706359863
,,,,,,60600,0.81,-0.22255493,0,202,2.08,87748,,,,,,,,,,
29350,0.96,-0.03138920148368925,1.2,0,60900,60900,,,,,,,1010,0.026694655,0.07562500059604645,-0.2233374136686325,-0.019701074585318567,0.1542200157046318,0.2,0.001,0.047079816460609436,0.2987401485443115
,,,,,,60900,0.8,-0.24394200000000002,0,203,2.02,88175,,,,,,,,,,
29502,0.98,-0.00887699865270406,1.22,0,61200,61200,,,,,,,1015,0.055697124,0.11965909123420715,-0.2575728213787079,-0.02537496991455555,0.16473190754652023,0.2,0.001,0.019467566162347794,0.308927059173584
,,,,,,61200,0.85,-0.18665001,0,204,1.97,88594,,,,,,,,,,
29650,1.0,-0.0091407276596874,1.06,0,61500,61500,,,,,,,1020,0.021360267,0.08363636374473572,-0.2240581515431404,-0.016243012845516203,0.15802206039428712,0.2,0.001,0.0335870236158371,0.24694353342056274
,,,,,,61500,0.85,-0.20237021,0,205,1.98,89001,,,,,,,,,,
29793,0.94,-0.08412704465445131,1.52,0,61800,61800,,,,,,,1025,0.05257042,0.11715909093618393,-0.2872918355464935,-0.021100963577628137,0.1453958210349083,0.2,0.001,0.01551816612482071,0.38154613971710205
,,,,,,61800,0.81,-0.23422432999999998,0,206,2.05,89447,,,,,,,,,,
29931,0.92,-0.09774483988061547,1.48,0,62100,62100,,,,,,,1030,0.032401346,0.102727273106575,-0.2835889333486557,-0.01832786714658141,0.21886327087879182,0.2,0.001,0.04936356097459793,0.04185217618942261
,,,,,,62100,0.77,-0.28047332,0,207,2.31,89888,,,,,,,,,,
30095,0.88,-0.11766010561957956,1.7,0,62400,62400,,,,,,,1035,0.06303084,0.10698863685131073,-0.24295183062553405,-0.016980703910812734,0.20638387262821198,0.2,0.001,0.019198615103960037,0.21707648038864136
,,,,,,62400,0.86,-0.19198896,0,208,1.84,90373,,,,,,,,,,
30239,0.98,-0.02972103110514581,1.24,0,62700,62700,,,,,,,1040,0.030376757,0.10278409153223038,-0.21925570845603942,-0.014756605066359042,0.18745819807052613,0.2,0.001,0.08137668669223785,0.12842315435409546
,,,,,,62700,0.83,-0.21701895000000002,0,209,1.99,90805,,,,,,,,,,
30383,0.94,-0.07374746977817268,1.44,0,63000,63000,,,,,,,1045,0.065947354,0.08437500059604645,-0.19573781311511992,-0.016506927162408827,0.19054608345031737,0.2,0.001,0.04229888319969177,0.23983359336853027
,,,,,,63000,0.82,-0.20042116000000004,0,210,1.92,91315,,,,,,,,,,
30537,0.96,-0.05284905301872641,1.34,0,63300,63300,,,,,,,1050,0.08527973,0.09693181872367859,-0.2216629081964493,-0.013324334844946861,0.20781011998653412,0.2,0.001,0.07954373210668564,0.09556210041046143
,,,,,,63300,0.83,-0.19529713,0,211,2.02,91788,,,,,,,,,,
30683,0.88,-0.13691325105726718,1.64,0,63600,63600,,,,,,,1055,0.045314033,0.0989204552769661,-0.25130532145500184,-0.0211552550829947,0.18264980047941207,0.2,0.001,0.06094006448984146,0.14806437492370605
,,,,,,63600,0.79,-0.25333737,0,212,2.02,92243,,,,,,,,,,
30828,0.92,-0.09138395313173532,1.36,0,63900,63900,,,,,,,1060,0.05868254,0.11960227310657501,-0.32641395211219787,-0.021715190149843692,0.19066664397716523,0.2,0.001,0.05102440342307091,0.2848755121231079
,,,,,,63900,0.84,-0.17935026,0,213,1.97,92671,,,,,,,,,,
30983,0.98,-0.02898937646765262,1.16,0,64200,64200,,,,,,,1065,0.04579494,0.07454545497894287,-0.272581644654274,-0.01666483487235382,0.1951212614774704,0.2,0.001,0.0630793645977974,0.12597233057022095
,,,,,,64200,0.82,-0.23298225000000003,0,214,1.99,93104,,,,,,,,,,
31135,0.96,-0.049717846279963854,1.24,0,64500,64500,,,,,,,1070,0.030237818,0.11818181842565537,-0.3541491162776947,-0.022559969164431096,0.16944442301988602,0.2,0.001,0.015404615551233292,0.27486222982406616
,,,,,,64500,0.86,-0.18313385000000001,0,215,1.96,93547,,,,,,,,,,
31280,0.86,-0.09918605512473733,1.84,0,64800,64800,,,,,,,1075,0.03508966,0.14187499970197678,-0.41848870158195495,-0.025981559408828615,0.17416626691818238,0.2,0.001,0.037610068917274475,0.19507461786270142
,,,,,,64800,0.84,-0.19757452,0,216,2.04,94306,,,,,,,,,,
31415,0.88,-0.13460873416624963,1.6,0,65100,65100,,,,,,,1080,0.047608614,0.19710227370262146,-0.47072190046310425,-0.021373156905174256,0.20235440850257874,0.2,0.001,0.05943465232849121,0.08332771062850952
,,,,,,65100,0.81,-0.27218269,0,217,2.2,94781,,,,,,,,,,
31556,0.94,-0.05406616812106222,1.38,0,65400,65400,,,,,,,1085,0.069072075,0.21738636314868928,-0.560173386335373,-0.039243873618543146,0.17644801437854768,0.2,0.001,0.010972462594509125,0.2693742513656616
,,,,,,65400,0.83,-0.23083367,0,218,1.93,95222,,,,,,,,,,
31720,0.88,-0.13906218630261719,1.76,0,65700,65700,,,,,,,1090,0.06208446,0.19198863685131073,-0.45606229186058045,-0.026358059998601677,0.17533983767032624,0.2,0.001,0.032062828540802,0.3042030334472656
,,,,,,65700,0.87,-0.17204004,0,219,1.88,95718,,,,,,,,,,
31854,0.92,-0.09332274491433054,1.48,0,66000,66000,,,,,,,1095,0.039366845,0.13335227340459824,-0.43996097803115847,-0.023623077422380446,0.14665289252996444,0.2,0.001,0.035257093608379364,0.27752333879470825
,,,,,,66000,0.8,-0.27856633,0,220,2.34,96203,,,,,,,,,,
31983,0.96,-0.05439461984205991,1.46,0,66300,66300,,,,,,,1100,0.038560495,0.207102273106575,-0.47993396401405336,-0.026789721958339216,0.1871211165189743,0.2,0.001,0.055610574781894684,0.2863953113555908
,,,,,,66300,0.76,-0.28213055,0,221,2.35,96788,,,,,,,,,,
32133,0.94,-0.07144177192356438,1.44,0,66600,66600,,,,,,,1105,0.053026877,0.17732954621315003,-0.4550593876838684,-0.03246533673256636,0.18000710785388946,0.2,0.001,-0.01631750911474228,0.1831950545310974
,,,,,,66600,0.8,-0.22229200999999998,0,222,2.1,97274,,,,,,,,,,
32280,0.92,-0.09274782819207758,1.42,0,66900,66900,,,,,,,1110,0.042790107,0.15312500089406966,-0.4276661276817322,-0.026965279579162598,0.19554133117198944,0.2,0.001,0.03249513730406761,0.13014739751815796
,,,,,,66900,0.82,-0.23230061000000002,0,223,1.98,97732,,,,,,,,,,
32436,0.9,-0.12023395970463753,1.48,0,67200,67200,,,,,,,1115,0.023740968,0.10244318217039108,-0.3528404599428177,-0.027017872547730803,0.15370440393686294,0.2,0.001,-0.008215721696615219,0.34662801027297974
,,,,,,67200,0.81,-0.23177187999999999,0,224,2.0,98176,,,,,,,,,,
32588,0.98,-0.03144251830410212,1.34,0,67500,67500,,,,,,,1120,0.030251931,0.1513068187236786,-0.3476550602912903,-0.030866602882742882,0.1963009849190712,0.2,0.001,0.047876421362161636,0.16938155889511108
,,,,,,67500,0.84,-0.19378320000000002,0,225,1.98,98635,,,,,,,,,,
32749,0.96,-0.053576687332242724,1.3,0,67800,67800,,,,,,,1125,0.05804204,0.12363636404275895,-0.2906270807981491,-0.01592105532065034,0.16004760712385177,0.2,0.001,0.020020898431539536,0.30547118186950684
,,,,,,67800,0.83,-0.19192983000000002,0,226,1.86,99101,,,,,,,,,,
