eval/success_rate,eval/mean_reward,env/current_idx,env/n_steps,time/total_timesteps,eval/mean_ep_length,env/completion_counter,rollout/ep_rew_mean,time/fps,time/iterations,rollout/success_rate,rollout/ep_len_mean,time/time_elapsed,train/approx_kl,train/loss,train/clip_range,train/entropy_loss,train/policy_gradient_loss,train/explained_variance,train/n_updates,train/clip_fraction,train/value_loss,train/learning_rate
0.78,-0.17541234578937293,13,30,30,1.48,0,,,,,,,,,,,,,,,,
,,,,30,,,-0.6703345833333335,0,1,0.3333333333333333,2.3333333333333335,153,,,,,,,,,,
0.86,-0.09180635811761022,28,60,60,1.36,0,,,,,,,0.000307703,0.15412883460521698,0.2,-1.9458218097686768,-0.008065152063500136,-0.6724873781204224,10,0.0,0.8112727552652359,0.0001
,,,,60,,,-0.49186407407407406,0,2,0.4444444444444444,2.2222222222222223,270,,,,,,,,,,
0.98,-0.02732354633975774,40,90,90,1.08,0,,,,,,,0.00012059808,0.20500005781650543,0.2,-1.945456051826477,-0.0031545418823952787,-1.144878625869751,20,0.0,0.5548008710145951,0.0001
,,,,90,,,-0.5554806410256409,0,3,0.41025641025641024,2.282051282051282,373,,,,,,,,,,
0.98,-0.028998271161690355,56,120,120,1.18,0,,,,,,,0.00015689334,0.10142997652292252,0.2,-1.945271944999695,-0.0031769991165492505,-0.2769283056259155,30,0.0,0.2887281060218811,0.0001
,,,,120,,,-0.4897260363636362,0,4,0.509090909090909,2.1636363636363636,482,,,,,,,,,,
0.96,-0.027394378976896405,70,150,150,1.1,0,,,,,,,0.00014753938,0.1205776035785675,0.2,-1.9451846837997437,-0.0028190956596517935,0.03887307643890381,40,0.0,0.3521301656961441,0.0001
,,,,150,,,-0.492325927536232,0,5,0.5217391304347826,2.1594202898550723,583,,,,,,,,,,
0.96,-0.027919936827383935,83,180,180,1.14,0,,,,,,,0.000119610624,0.07394587248563766,0.2,-1.9446372151374818,-0.0028813824565925737,0.09773224592208862,50,0.0,0.20619022697210312,0.0001
,,,,180,,,-0.49501742682926825,0,6,0.5121951219512195,2.182926829268293,682,,,,,,,,,,
0.86,-0.13994532188400627,95,210,210,1.36,0,,,,,,,0.00046441556,0.03265988826751709,0.2,-1.9435909390449524,-0.007067186139368742,0.2823519706726074,60,0.0,0.13574908375740052,0.0001
,,,,210,,,-0.5095697234042553,0,7,0.48936170212765956,2.234042553191489,806,,,,,,,,,,
0.9,-0.0905042330455035,109,240,240,1.28,0,,,,,,,0.00023042162,0.13606883585453033,0.2,-1.9411638617515563,-0.002194267485659296,-0.4748018980026245,70,0.0,0.3566897869110107,0.0001
,,,,240,,,-0.52180669,0,8,0.5,2.22,929,,,,,,,,,,
0.92,-0.06921460181009025,123,270,270,1.2,0,,,,,,,0.0006614129,0.06750930845737457,0.2,-1.9387704730033875,-0.010499736783870816,-0.0847022533416748,80,0.0,0.22817550599575043,0.0001
,,,,270,,,-0.5423040499999999,0,9,0.5,2.22,1047,,,,,,,,,,
0.98,-0.027535021752119065,135,300,300,1.06,0,,,,,,,0.00064833957,0.09923617541790009,0.2,-1.9347919583320619,-0.005832217558442388,-0.2937154769897461,90,0.0,0.27902891784906386,0.0001
,,,,300,,,-0.56727534,0,10,0.49,2.23,1146,,,,,,,,,,
0.84,-0.17191997985355556,148,330,330,1.38,0,,,,,,,0.0009999832,0.05004320293664932,0.2,-1.9285130023956298,-0.008393282108784917,-0.5927449464797974,100,0.0,0.16875577121973037,0.0001
,,,,330,,,-0.56791962,0,11,0.46,2.26,1259,,,,,,,,,,
0.88,-0.10944274785462767,161,360,360,1.28,0,,,,,,,0.0005599419,0.12773840129375458,0.2,-1.9221773386001586,-0.007550100956577666,-0.15535187721252441,110,0.0,0.38951447010040285,0.0001
,,,,360,,,-0.5632797,0,12,0.44,2.28,1373,,,,,,,,,,
0.94,-0.07062723242677749,173,390,390,1.24,0,,,,,,,0.0006191949,0.08272234350442886,0.2,-1.9144791841506958,-0.004374277713359476,-0.2040618658065796,120,0.0,0.2490428701043129,0.0001
,,,,390,,,-0.58519976,0,13,0.42,2.3,1483,,,,,,,,,,
0.92,-0.088143829270266,189,420,420,1.16,0,,,,,,,0.00067568023,0.1048426553606987,0.2,-1.9061526894569396,-0.004455892601593625,-0.3727073669433594,130,0.0,0.2912186160683632,0.0001
,,,,420,,,-0.58716378,0,14,0.43,2.25,1591,,,,,,,,,,
0.92,-0.06958979424554855,207,450,450,1.22,0,,,,,,,0.0015661339,0.05554788187146187,0.2,-1.8918829798698424,-0.01463175774241492,0.07570379972457886,140,0.0,0.2234829217195511,0.0001
,,,,450,,,-0.5169296099999999,0,15,0.49,2.12,1702,,,,,,,,,,
0.94,-0.06866393012925982,221,480,480,1.16,0,,,,,,,0.0022422692,0.10767455399036407,0.2,-1.8712266325950622,-0.01315908202746261,-0.46509408950805664,150,0.0,0.3201503664255142,0.0001
,,,,480,,,-0.5207760300000001,0,16,0.47,2.14,1810,,,,,,,,,,
0.88,-0.0501781041175127,237,510,510,1.26,0,,,,,,,0.0018796623,0.06092860549688339,0.2,-1.8560444593429566,-0.009952003229409456,-0.06434130668640137,160,0.0,0.20748114138841628,0.0001
,,,,510,,,-0.45826843999999994,0,17,0.53,2.04,1930,,,,,,,,,,
0.94,-0.06910012658685445,251,540,540,1.14,0,,,,,,,0.0022309045,0.07929113507270813,0.2,-1.8209118962287902,-0.009186121784926726,0.07832592725753784,170,0.0,0.23329659253358842,0.0001
,,,,540,,,-0.46859090999999997,0,18,0.53,2.04,2040,,,,,,,,,,
0.88,-0.0924854128761217,265,570,570,1.26,0,,,,,,,0.00065088866,0.07060236483812332,0.2,-1.7939279437065125,-0.0014576883785775152,0.03788602352142334,180,0.0,0.2022255167365074,0.0001
,,,,570,,,-0.45914821999999994,0,19,0.54,2.03,2150,,,,,,,,,,
0.92,-0.0508354349527508,279,600,600,1.2,0,,,,,,,0.00082416536,0.10990364104509354,0.2,-1.7806644320487977,-0.005726484392071107,-0.310222864151001,190,0.0,0.3091207668185234,0.0001
,,,,600,,,-0.41839162,0,20,0.57,1.96,2252,,,,,,,,,,
0.84,-0.11226742440834642,293,630,630,1.4,0,,,,,,,0.0013125201,0.07832412421703339,0.2,-1.7733900904655457,-0.006887333683359209,-0.00042688846588134766,200,0.0,0.2360320657491684,0.0001
,,,,630,,,-0.46055791,0,21,0.54,2.02,2390,,,,,,,,,,
0.86,-0.15268919613212348,307,660,660,1.36,0,,,,,,,0.0005609532,0.08673231303691864,0.2,-1.7586793899536133,-0.006128483759239333,-0.0143355131149292,210,0.0,0.27004764378070834,0.0001
,,,,660,,,-0.51051704,0,22,0.49,2.11,2525,,,,,,,,,,
0.9,-0.04930557826068252,322,690,690,1.24,0,,,,,,,0.0002787272,0.06976666301488876,0.2,-1.7404027342796327,-0.0011015971452192018,0.23271524906158447,220,0.0,0.18397721350193025,0.0001
,,,,690,,,-0.48157942000000004,0,23,0.52,2.07,2635,,,,,,,,,,
0.86,-0.12992554445751012,335,720,720,1.3,0,,,,,,,0.00015814106,0.11090385913848877,0.2,-1.7347121357917785,0.00046870628594968266,0.025395691394805908,230,0.0,0.26093041598796846,0.0001
,,,,720,,,-0.48649278,0,24,0.48,2.15,2749,,,,,,,,,,
0.9,-0.050440614903345705,348,750,750,1.22,0,,,,,,,0.00023809672,0.10539878159761429,0.2,-1.7386190056800843,-0.0016711249175326071,-0.11762762069702148,240,0.0,0.31782808899879456,0.0001
,,,,750,,,-0.4963242199999999,0,25,0.47,2.19,2873,,,,,,,,,,
0.98,-0.02690241565462202,365,780,780,1.06,0,,,,,,,0.00021579265,0.08367986977100372,0.2,-1.7425331711769103,-0.00229691851498508,0.1752479076385498,250,0.0,0.2101055085659027,0.0001
,,,,780,,,-0.46670798999999996,0,26,0.51,2.1,2980,,,,,,,,,,
0.86,-0.1540916878450662,381,810,810,1.34,0,,,,,,,0.001521329,0.08460298180580139,0.2,-1.7244768977165221,-0.012877797285715697,-0.14187216758728027,260,0.0,0.278072752058506,0.0001
,,,,810,,,-0.4462939,0,27,0.54,2.04,3093,,,,,,,,,,
0.96,-0.04843091180082411,396,840,840,1.12,0,,,,,,,0.0006021202,0.05841097608208656,0.2,-1.700437080860138,8.390803996007889e-05,0.32382047176361084,270,0.0,0.16574464812874795,0.0001
,,,,840,,,-0.44090067999999993,0,28,0.55,2.05,3199,,,,,,,,,,
0.86,-0.13122922340407966,411,870,870,1.32,0,,,,,,,0.0005748133,0.12576477229595184,0.2,-1.6803872227668761,-0.004532080069087207,-0.20608234405517578,280,0.0,0.3254753053188324,0.0001
,,,,870,,,-0.40704022,0,29,0.56,2.05,3318,,,,,,,,,,
0.9,-0.07187915597110987,423,900,900,1.28,0,,,,,,,0.00064573286,0.07353441417217255,0.2,-1.6528802514076233,-0.003351702767734821,0.1374760866165161,290,0.0,0.24126810431480408,0.0001
,,,,900,,,-0.44758667,0,30,0.54,2.08,3433,,,,,,,,,,
0.94,-0.0486616811202839,440,930,930,1.16,0,,,,,,,0.00082642236,0.05350678414106369,0.2,-1.6437583446502686,-0.007060022734415838,0.2970162630081177,300,0.0,0.16935835480690004,0.0001
,,,,930,,,-0.40761657,0,31,0.6,1.98,3546,,,,,,,,,,
0.9,-0.109398393612355,455,960,960,1.26,0,,,,,,,0.0012319863,0.05530315637588501,0.2,-1.6123789310455323,-0.008009504452347738,0.2653162479400635,310,0.0,0.16857481002807617,0.0001
,,,,960,,,-0.4274751,0,32,0.59,1.99,3669,,,,,,,,,,
0.94,-0.0675020706653595,469,990,990,1.14,0,,,,,,,0.0017186184,0.07722889631986618,0.2,-1.5771264433860779,-0.010334563507543226,-0.10143494606018066,320,0.0,0.23497848808765412,0.0001
,,,,990,,,-0.44456823999999995,0,33,0.57,2.03,3792,,,,,,,,,,
0.86,-0.11169825640507042,485,1020,1020,1.3,0,,,,,,,0.0019975086,0.09435218572616577,0.2,-1.534976077079773,-0.010999595865917654,-0.006031990051269531,330,0.0,0.26796208024024964,0.0001
,,,,1020,,,-0.4244858899999999,0,34,0.6,2.01,3911,,,,,,,,,,
0.84,-0.09096628845669329,499,1050,1050,1.34,0,,,,,,,0.00072648126,0.06702370196580887,0.2,-1.4854927778244018,-0.0033326394431057336,0.277904212474823,340,0.0,0.18987547755241393,0.0001
,,,,1050,,,-0.43381236000000006,0,35,0.57,2.04,4027,,,,,,,,,,
0.9,-0.06964356179349124,513,1080,1080,1.26,0,,,,,,,0.000737077,0.06507296115159988,0.2,-1.4672062873840332,-0.004391492959111965,0.28279656171798706,350,0.0,0.18584705591201783,0.0001
,,,,1080,,,-0.4256289000000001,0,36,0.57,2.04,4147,,,,,,,,,,
0.92,-0.09077824177220464,528,1110,1110,1.22,0,,,,,,,0.0014294068,0.11364723742008209,0.2,-1.4279239654541016,-0.005401490478931637,-0.2780036926269531,360,0.0,0.29638597965240476,0.0001
,,,,1110,,,-0.4053740299999999,0,37,0.58,2.01,4257,,,,,,,,,,
0.88,-0.05087182637304068,542,1140,1140,1.26,0,,,,,,,0.00075301726,0.04929500073194504,0.2,-1.374159836769104,-0.004514288839806468,0.4465329647064209,370,0.0,0.16910857260227202,0.0001
,,,,1140,,,-0.41933165,0,38,0.56,2.06,4364,,,,,,,,,,
0.9,-0.08860064812004566,559,1170,1170,1.2,0,,,,,,,0.00069638493,0.049055956304073334,0.2,-1.3632919192314148,-0.004600123648997467,0.3396994471549988,380,0.0,0.1469822980463505,0.0001
,,,,1170,,,-0.39955090000000015,0,39,0.58,2.01,4493,,,,,,,,,,
0.9,-0.07299852818250656,577,1200,1200,1.28,0,,,,,,,0.0017554025,0.08281444013118744,0.2,-1.3319241046905517,-0.013320395491706804,0.05034106969833374,390,0.0,0.23998366743326188,0.0001
,,,,1200,,,-0.36775988000000004,0,40,0.61,1.93,4623,,,,,,,,,,
0.86,-0.1329160976782441,595,1230,1230,1.34,0,,,,,,,0.0010370056,0.09229295700788498,0.2,-1.271440863609314,-0.002931949618893448,-0.05829751491546631,400,0.0,0.25735893100500107,0.0001
,,,,1230,,,-0.34844887999999996,0,41,0.64,1.88,4739,,,,,,,,,,
0.92,-0.08874550852458923,614,1260,1260,1.2,0,,,,,,,0.0013545096,0.06616854667663574,0.2,-1.2184491872787475,-0.00640197783630958,0.27804529666900635,410,0.0,0.21086403876543044,0.0001
,,,,1260,,,-0.34590357,0,42,0.67,1.79,4851,,,,,,,,,,
0.96,-0.02791859267279506,632,1290,1290,1.14,0,,,,,,,0.0016694625,0.09847307205200195,0.2,-1.1590054631233215,-0.008343869755820599,-0.1344844102859497,420,0.0,0.26514081209897994,0.0001
,,,,1290,,,-0.3293734,0,43,0.7,1.7,4958,,,,,,,,,,
0.88,-0.11060109753161669,650,1320,1320,1.28,0,,,,,,,0.0016086121,0.07313267141580582,0.2,-1.0880940675735473,-0.010857076416723288,0.26533204317092896,430,0.0,0.2285495012998581,0.0001
,,,,1320,,,-0.30348041000000003,0,44,0.72,1.65,5070,,,,,,,,,,
0.94,-0.04787359750829637,666,1350,1350,1.14,0,,,,,,,0.0012380203,0.07434216141700745,0.2,-1.0149480819702148,-0.0037581112394885264,0.04742121696472168,440,0.0,0.2082988664507866,0.0001
,,,,1350,,,-0.28552225,0,45,0.71,1.68,5178,,,,,,,,,,
0.86,-0.09117355343885719,683,1380,1380,1.32,0,,,,,,,0.00010166764,0.09501203894615173,0.2,-0.9660922169685364,0.0003428891804651002,-0.12407660484313965,450,0.0,0.23315441459417344,0.0001
,,,,1380,,,-0.31492347,0,46,0.68,1.71,5293,,,,,,,,,,
0.96,-0.02806814479175955,703,1410,1410,1.16,0,,,,,,,0.00020038684,0.10288210213184357,0.2,-0.9572428345680237,-0.0029270370898302643,0.10340666770935059,460,0.0,0.2645528450608253,0.0001
,,,,1410,,,-0.31633726,0,47,0.68,1.7,5401,,,,,,,,,,
0.92,-0.06857842800673097,720,1440,1440,1.22,0,,,,,,,0.00034498572,0.0995962917804718,0.2,-0.9354038834571838,-0.0026020125282229857,0.02686750888824463,470,0.0,0.24786105006933212,0.0001
,,,,1440,,,-0.31725454,0,48,0.67,1.71,5512,,,,,,,,,,
0.94,-0.027513443185016515,739,1470,1470,1.12,0,,,,,,,0.00058298506,0.08417858928442001,0.2,-0.8993289113044739,-0.002683353450071646,0.05595749616622925,480,0.0,0.21524589210748674,0.0001
,,,,1470,,,-0.29316862,0,49,0.69,1.68,5629,,,,,,,,,,
0.94,-0.04910362218040973,752,1500,1500,1.16,0,,,,,,,0.0014825463,0.03455822914838791,0.2,-0.8486752808094025,-0.005525668145079621,0.4829232692718506,490,0.0,0.11108323559165001,0.0001
,,,,1500,,,-0.32463591,0,50,0.67,1.76,5749,,,,,,,,,,
0.94,-0.04798392796888948,766,1530,1530,1.18,0,,,,,,,0.0006634275,0.1180952787399292,0.2,-0.7915213882923127,-0.0024523958327094418,-0.09081149101257324,500,0.0,0.3005420371890068,0.0001
,,,,1530,,,-0.3657248899999999,0,51,0.65,1.79,5858,,,,,,,,,,
0.92,-0.07171784597449005,784,1560,1560,1.22,0,,,,,,,0.0008023381,0.1422291100025177,0.2,-0.750622284412384,-0.00516468108786885,-0.25197434425354004,510,0.0,0.3474662035703659,0.0001
,,,,1560,,,-0.33606238000000005,0,52,0.67,1.78,5973,,,,,,,,,,
0.94,-0.06928748395759612,799,1590,1590,1.22,0,,,,,,,9.349982e-05,0.08322824537754059,0.2,-0.7181764125823975,-0.00032981437223496003,0.17096960544586182,520,0.0,0.19752248972654343,0.0001
,,,,1590,,,-0.3529843,0,53,0.64,1.85,6088,,,,,,,,,,
0.86,-0.12944679870270193,816,1620,1620,1.32,0,,,,,,,0.00017679532,0.05460463464260101,0.2,-0.7153476536273956,-0.002212601745486609,0.35198354721069336,530,0.0,0.14142761304974555,0.0001
,,,,1620,,,-0.36649011000000004,0,54,0.63,1.86,6206,,,,,,,,,,
0.9,-0.07115857298485935,831,1650,1650,1.22,0,,,,,,,0.00044116576,0.09569064527750015,0.2,-0.6943640232086181,-0.002983238721305215,-0.03827524185180664,540,0.0,0.25538901835680006,0.0001
,,,,1650,,,-0.38728434,0,55,0.6,1.93,6319,,,,,,,,,,
0.92,-0.051235401285812256,851,1680,1680,1.22,0,,,,,,,5.489389e-05,0.10142280161380768,0.2,-0.6751311361789704,-0.0007060813862578063,-0.10160529613494873,550,0.0,0.24320594370365142,0.0001
,,,,1680,,,-0.3270926900000001,0,56,0.65,1.82,6452,,,,,,,,,,
0.9,-0.07273830474819988,868,1710,1710,1.34,0,,,,,,,0.00020485917,0.10421299934387207,0.2,-0.6702332913875579,-0.0018072260671761597,-0.18223810195922852,560,0.0,0.2627099722623825,0.0001
,,,,1710,,,-0.30383949,0,57,0.67,1.76,6575,,,,,,,,,,
0.88,-0.08987888206727802,885,1740,1740,1.28,0,,,,,,,0.00017857552,0.11136521399021149,0.2,-0.648742550611496,-0.00014624257363413662,0.050238609313964844,570,0.0,0.28499937504529954,0.0001
,,,,1740,,,-0.32009793999999997,0,58,0.66,1.76,6695,,,,,,,,,,
0.92,-0.07165205091703683,901,1770,1770,1.26,0,,,,,,,0.00034023722,0.07867374271154404,0.2,-0.6291005551815033,-0.004587779828580096,0.13094663619995117,580,0.0,0.201371069252491,0.0001
,,,,1770,,,-0.33110568,0,59,0.65,1.77,6813,,,,,,,,,,
0.94,-0.04849075995385647,919,1800,1800,1.14,0,,,,,,,0.0009207368,0.07081560045480728,0.2,-0.5977620124816895,-0.0065120347969543245,0.2604474425315857,590,0.0,0.19236175268888472,0.0001
,,,,1800,,,-0.32024963,0,60,0.65,1.77,6926,,,,,,,,,,
1.0,-0.009011352928355336,937,1830,1830,1.14,0,,,,,,,0.00019622644,0.07465679943561554,0.2,-0.5631574034690857,-0.00015693564988978893,0.2149091362953186,600,0.0,0.19398608654737473,0.0001
,,,,1830,,,-0.30980467,0,61,0.65,1.72,7036,,,,,,,,,,
0.88,-0.1098522801604122,955,1860,1860,1.26,0,,,,,,,0.0,0.10541524738073349,0.2,-0.557745772600174,-3.866354617598766e-06,-0.09881925582885742,610,0.0,0.24856301695108413,0.0001
,,,,1860,,,-0.31385373,0,62,0.66,1.72,7148,,,,,,,,,,
0.92,-0.07268818748183549,972,1890,1890,1.26,0,,,,,,,8.371472e-05,0.09117227047681808,0.2,-0.5563986301422119,-0.0017116871500426178,0.10334724187850952,620,0.0,0.21630918830633164,0.0001
,,,,1890,,,-0.31606587999999997,0,63,0.66,1.72,7274,,,,,,,,,,
0.9,-0.08991455239709467,993,1920,1920,1.22,0,,,,,,,2.459685e-05,0.1136469915509224,0.2,-0.553706681728363,0.0005745269865534475,-0.14884626865386963,630,0.0,0.265257203578949,0.0001
,,,,1920,,,-0.27391089999999996,0,64,0.7,1.65,7392,,,,,,,,,,
0.94,-0.04845191752538085,1011,1950,1950,1.18,0,,,,,,,0.00022027493,0.05472473427653313,0.2,-0.5764767467975617,-0.0013604171994180624,0.28082776069641113,640,0.0,0.138332599401474,0.0001
,,,,1950,,,-0.25486501,0,65,0.73,1.62,7504,,,,,,,,,,
0.9,-0.11154198032803833,1028,1980,1980,1.3,0,,,,,,,0.00010074377,0.09638673812150955,0.2,-0.5983706772327423,-0.0007787545341606972,0.04923611879348755,650,0.0,0.22494491040706635,0.0001
,,,,1980,,,-0.27809695,0,66,0.71,1.67,7630,,,,,,,,,,
0.92,-0.04996858526952565,1045,2010,2010,1.26,0,,,,,,,2.6955207e-05,0.11240998655557632,0.2,-0.5909404397010803,-0.0006011791110601017,0.03814464807510376,660,0.0,0.25482983887195587,0.0001
,,,,2010,,,-0.24293163000000004,0,67,0.74,1.63,7750,,,,,,,,,,
0.9,-0.04953621285036206,1066,2040,2040,1.24,0,,,,,,,2.405246e-05,0.09860064089298248,0.2,-0.5910496950149536,-0.00037669201650096794,-0.09152472019195557,670,0.0,0.23701305091381072,0.0001
,,,,2040,,,-0.23082803,0,68,0.75,1.6,7869,,,,,,,,,,
0.86,-0.11011866013985128,1084,2070,2070,1.28,0,,,,,,,0.0010820309,0.04977204650640488,0.2,-0.5729757905006408,-0.00871359723387286,0.42941778898239136,680,0.0,0.14233492761850358,0.0001
,,,,2070,,,-0.24169936,0,69,0.74,1.63,7981,,,,,,,,,,
0.86,-0.13373967920430005,1098,2100,2100,1.32,0,,,,,,,0.000111899775,0.05531039088964462,0.2,-0.538487333059311,0.00020243366564205446,0.2650248408317566,690,0.0,0.14726821407675744,0.0001
,,,,2100,,,-0.26756203,0,70,0.71,1.7,8117,,,,,,,,,,
0.9,-0.11025030205957592,1117,2130,2130,1.28,0,,,,,,,6.02901e-05,0.09934212267398834,0.2,-0.5289902687072754,-0.0010144831610279681,0.042083799839019775,700,0.0,0.2313183531165123,0.0001
,,,,2130,,,-0.27529019,0,71,0.71,1.7,8231,,,,,,,,,,
0.98,-0.027467473158612848,1133,2160,2160,1.08,0,,,,,,,4.01934e-06,0.0778808519244194,0.2,-0.5323343932628631,0.00033731807867312116,0.3060820698738098,710,0.0,0.17918354272842407,0.0001
,,,,2160,,,-0.26458137,0,72,0.72,1.66,8340,,,,,,,,,,
0.86,-0.07054707397241146,1152,2190,2190,1.32,0,,,,,,,0.00052675407,0.1023835688829422,0.2,-0.5107908636331558,-0.003796124644189369,-0.2965211868286133,720,0.0,0.25853475332260134,0.0001
,,,,2190,,,-0.2875407200000001,0,73,0.69,1.7,8457,,,,,,,,,,
0.88,-0.11205221682786942,1168,2220,2220,1.26,0,,,,,,,0.0011280497,0.06436459720134735,0.2,-0.4710561364889145,-0.010147281180446388,0.13775616884231567,730,0.0,0.1894359901547432,0.0001
,,,,2220,,,-0.27684017,0,74,0.68,1.74,8573,,,,,,,,,,
0.94,-0.06900305536575616,1186,2250,2250,1.18,0,,,,,,,0.000108655295,0.06056611239910126,0.2,-0.4339022099971771,0.00037631769907093827,0.21962285041809082,740,0.0,0.14960958510637284,0.0001
,,,,2250,,,-0.25467177,0,75,0.69,1.73,8685,,,,,,,,,,
0.9,-0.09247753378935158,1206,2280,2280,1.28,0,,,,,,,0.00022582411,0.07414772361516953,0.2,-0.4180066227912903,-0.0025366865466153856,0.17648237943649292,750,0.0,0.17471287846565248,0.0001
,,,,2280,,,-0.21441983,0,76,0.73,1.68,8816,,,,,,,,,,
0.96,-0.00894068118184805,1228,2310,2310,1.14,0,,,,,,,1.9286077e-05,0.06268341094255447,0.2,-0.40721009373664857,0.000762124157002475,0.03168797492980957,760,0.0,0.14537547379732133,0.0001
,,,,2310,,,-0.18114099999999997,0,77,0.75,1.63,8927,,,,,,,,,,
0.82,-0.13174701903015376,1246,2340,2340,1.4,0,,,,,,,0.00037627618,0.036554671823978424,0.2,-0.4238696426153183,-0.003250387864536597,-0.15376019477844238,770,0.0,0.10128175243735313,0.0001
,,,,2340,,,-0.18308660999999998,0,78,0.77,1.62,9058,,,,,,,,,,
0.94,-0.07232524873223156,1263,2370,2370,1.18,0,,,,,,,2.237161e-05,0.08425679057836533,0.2,-0.44929773509502413,0.00028759817529735445,-0.00351107120513916,780,0.0,0.20328061133623124,0.0001
,,,,2370,,,-0.18174934999999998,0,79,0.77,1.61,9165,,,,,,,,,,
0.86,-0.08988109349273145,1277,2400,2400,1.28,0,,,,,,,0.00011428595,0.07191447913646698,0.2,-0.4512974888086319,-0.0013002410676563158,0.2525017261505127,790,0.0,0.16715338826179504,0.0001
,,,,2400,,,-0.23407971999999996,0,80,0.75,1.66,9279,,,,,,,,,,
0.94,-0.02896662872284651,1296,2430,2430,1.16,0,,,,,,,0.00063051976,0.07930751889944077,0.2,-0.42907860279083254,-0.0027269615159216444,0.0649520754814148,800,0.0,0.19356454014778138,0.0001
,,,,2430,,,-0.24495788999999998,0,81,0.74,1.63,9387,,,,,,,,,,
0.96,-0.04856165886390954,1314,2460,2460,1.2,0,,,,,,,0.00021603306,0.10620293021202087,0.2,-0.402445849776268,-0.002602674942075467,-0.20774471759796143,810,0.0,0.2653637230396271,0.0001
,,,,2460,,,-0.2605491800000001,0,82,0.73,1.65,9497,,,,,,,,,,
0.76,-0.19910989407915622,1335,2490,2490,1.52,0,,,,,,,1.8304587e-05,0.08393809199333191,0.2,-0.3789286375045776,-1.0388990225096428e-05,0.1016194224357605,820,0.0,0.18969978392124176,0.0001
,,,,2490,,,-0.28113687,0,83,0.7,1.68,9635,,,,,,,,,,
0.9,-0.10942222461104394,1355,2520,2520,1.26,0,,,,,,,0.0001252095,0.05293457582592964,0.2,-0.3650436341762543,-0.0021443855341447106,0.40203648805618286,830,0.0,0.13397957533597946,0.0001
,,,,2520,,,-0.26399569999999994,0,84,0.72,1.66,9747,,,,,,,,,,
0.98,-0.02951277351938188,1373,2550,2550,1.08,0,,,,,,,0.0129308505,0.09177794307470322,0.2,-0.391470792889595,-0.010820859211186473,-0.0667198896408081,840,0.026666668057441712,0.2563789844512939,0.0001
,,,,2550,,,-0.22343901,0,85,0.74,1.61,9855,,,,,,,,,,
0.92,-0.08977862565778195,1390,2580,2580,1.18,0,,,,,,,0.00017035802,0.06725896149873734,0.2,-0.32447369992733,-0.001423822031162203,0.0867968201637268,850,0.0,0.17541186213493348,0.0001
,,,,2580,,,-0.23387785000000005,0,86,0.75,1.6,9960,,,,,,,,,,
0.9,-0.052355552753433586,1410,2610,2610,1.26,0,,,,,,,0.00038767655,0.07719213515520096,0.2,-0.3055071622133255,-0.002093859799497011,0.1699783205986023,860,0.0,0.2003944307565689,0.0001
,,,,2610,,,-0.21942918000000003,0,87,0.76,1.59,10078,,,,,,,,,,
0.94,-0.06966788825578987,1430,2640,2640,1.18,0,,,,,,,0.0003931125,0.08763610571622849,0.2,-0.29053853154182435,-0.00397008185352501,0.0980534553527832,870,0.0,0.21756325662136078,0.0001
,,,,2640,,,-0.23047710000000002,0,88,0.77,1.57,10193,,,,,,,,,,
0.74,-0.2155324861779809,1449,2670,2670,1.52,0,,,,,,,0.0004973829,0.04999556764960289,0.2,-0.27339637875556944,-0.004869932535026678,0.44881105422973633,880,0.0,0.1375224284827709,0.0001
,,,,2670,,,-0.25177455000000004,0,89,0.75,1.61,10334,,,,,,,,,,
0.94,-0.028065425055101515,1466,2700,2700,1.16,0,,,,,,,8.861224e-06,0.06996482610702515,0.2,-0.26245534121990205,1.6831358855906588e-05,0.12100744247436523,890,0.0,0.1671086996793747,0.0001
,,,,2700,,,-0.24433089000000005,0,90,0.74,1.62,10453,,,,,,,,,,
0.9,-0.11175473942887038,1489,2730,2730,1.34,0,,,,,,,2.2562344e-05,0.0783735141158104,0.2,-0.2618800520896912,-0.0004480220843166904,0.2734050154685974,900,0.0,0.19014743119478225,0.0001
,,,,2730,,,-0.19102521999999997,0,91,0.79,1.52,10568,,,,,,,,,,
0.86,-0.11118208637461066,1506,2760,2760,1.36,0,,,,,,,3.5762787e-07,0.06699026376008987,0.2,-0.2581619113683701,-9.470184461513042e-07,-0.15681016445159912,910,0.0,0.16750149428844452,0.0001
,,,,2760,,,-0.21711441000000004,0,92,0.76,1.56,10691,,,,,,,,,,
0.88,-0.07090839198790491,1522,2790,2790,1.3,0,,,,,,,0.00031374494,0.10182813555002213,0.2,-0.2510960906744003,-0.004696151449849495,0.14985156059265137,920,0.0,0.2408591777086258,0.0001
,,,,2790,,,-0.23891319999999996,0,93,0.72,1.64,10809,,,,,,,,,,
0.96,-0.008889001300558448,1540,2820,2820,1.18,0,,,,,,,0.0001319011,0.06258371472358704,0.2,-0.23876796513795853,-0.0009211063417024157,0.19989889860153198,930,0.0,0.1627286121249199,0.0001
,,,,2820,,,-0.24123951,0,94,0.72,1.64,10939,,,,,,,,,,
0.88,-0.049046495738439264,1558,2850,2850,1.26,0,,,,,,,0.0,0.06781785190105438,0.2,-0.23515334725379944,-7.025400776683455e-07,0.16926562786102295,940,0.0,0.17695887833833696,0.0001
,,,,2850,,,-0.23403961000000006,0,95,0.72,1.62,11056,,,,,,,,,,
0.94,-0.06854255821090191,1576,2880,2880,1.18,0,,,,,,,0.0,0.05729914456605911,0.2,-0.23451716005802153,-7.661183438756325e-07,0.3409523367881775,950,0.0,0.13799648806452752,0.0001
,,,,2880,,,-0.2560194,0,96,0.71,1.66,11164,,,,,,,,,,
0.92,-0.06926386601757258,1596,2910,2910,1.2,0,,,,,,,0.0,0.08105858415365219,0.2,-0.2342691570520401,-6.206830306609845e-07,-0.14204728603363037,960,0.0,0.20525093525648117,0.0001
,,,,2910,,,-0.26435429000000005,0,97,0.7,1.7,11275,,,,,,,,,,
0.88,-0.12962753992527723,1616,2940,2940,1.26,0,,,,,,,5.3056083e-05,0.08304660767316818,0.2,-0.2379935473203659,-0.0005870595583109761,0.01533442735671997,970,0.0,0.19522614330053328,0.0001
,,,,2940,,,-0.24354984999999996,0,98,0.74,1.61,11411,,,,,,,,,,
0.84,-0.13336940363515168,1634,2970,2970,1.32,0,,,,,,,4.366835e-05,0.09943467378616333,0.2,-0.2465869441628456,-0.0003889558774001767,0.27694106101989746,980,0.0,0.2536547318100929,0.0001
,,,,2970,,,-0.25953685,0,99,0.74,1.61,11529,,,,,,,,,,
0.9,-0.030429973704740404,1656,3000,3000,1.28,0,,,,,,,0.0001317521,0.10124838352203369,0.2,-0.24833393841981888,-0.002338128760457181,0.11363083124160767,990,0.0,0.22729351818561555,0.0001
,,,,3000,,,-0.20540893999999998,0,100,0.77,1.54,11638,,,,,,,,,,
0.96,-0.029218326127156614,1677,3030,3030,1.18,0,,,,,,,1.9729137e-06,0.028293432667851448,0.2,-0.25966374278068544,1.8417835123685222e-07,0.436562180519104,1000,0.0,0.08119928203523159,0.0001
,,,,3030,,,-0.20458123,0,101,0.78,1.49,11750,,,,,,,,,,
0.88,-0.09045994899235665,1692,3060,3060,1.24,0,,,,,,,5.9437752e-05,0.09308674931526184,0.2,-0.27030192613601683,-0.0017327131110262072,0.1853954792022705,1010,0.0,0.2231990858912468,0.0001
,,,,3060,,,-0.2440932,0,102,0.75,1.56,11866,,,,,,,,,,
0.94,-0.048801386840641496,1712,3090,3090,1.16,0,,,,,,,8.439223e-05,0.0985153540968895,0.2,-0.25846799910068513,-0.001483160430798236,0.07527440786361694,1020,0.0,0.2669679969549179,0.0001
,,,,3090,,,-0.22352322000000002,0,103,0.76,1.55,11979,,,,,,,,,,
0.96,-0.030757977240718902,1728,3120,3120,1.16,0,,,,,,,1.0410945e-06,0.09335993230342865,0.2,-0.25701265335083007,-3.189871760973517e-05,0.18405169248580933,1030,0.0,0.20798079818487167,0.0001
,,,,3120,,,-0.24870223,0,104,0.73,1.61,12087,,,,,,,,,,
0.9,-0.1116915022674948,1745,3150,3150,1.28,0,,,,,,,9.795029e-07,0.062983937561512,0.2,-0.2561629593372345,-1.6715126243127543e-06,0.3521495461463928,1040,0.0,0.15293071717023848,0.0001
,,,,3150,,,-0.25958487,0,105,0.74,1.61,12204,,,,,,,,,,
0.94,-0.028347950764000415,1765,3180,3180,1.18,0,,,,,,,2.2844473e-05,0.10848643630743027,0.2,-0.25238068401813507,-0.0008687690389344027,0.24818187952041626,1050,0.0,0.2523778274655342,0.0001
,,,,3180,,,-0.27613372999999997,0,106,0.71,1.68,12310,,,,,,,,,,
0.96,-0.028121534329839052,1785,3210,3210,1.1,0,,,,,,,9.254614e-06,0.07819938659667969,0.2,-0.24614640027284623,0.00014406015427077535,0.1540815830230713,1060,0.0,0.17950858324766159,0.0001
,,,,3210,,,-0.25188115,0,107,0.73,1.64,12411,,,,,,,,,,
0.86,-0.09150249224156141,1803,3240,3240,1.3,0,,,,,,,1.1595091e-05,0.06172095611691475,0.2,-0.24603193551301955,-9.178956210842415e-05,0.2868141531944275,1070,0.0,0.14593098685145378,0.0001
,,,,3240,,,-0.25396010999999996,0,108,0.73,1.62,12524,,,,,,,,,,
0.94,-0.028682601964101197,1819,3270,3270,1.16,0,,,,,,,1.50064625e-05,0.10752367973327637,0.2,-0.24906187802553176,-0.0004476538290093757,0.10753613710403442,1080,0.0,0.26351222693920134,0.0001
,,,,3270,,,-0.25785407,0,109,0.71,1.65,12629,,,,,,,,,,
0.86,-0.09158254063688219,1839,3300,3300,1.3,0,,,,,,,3.2281874e-05,0.10322657972574234,0.2,-0.2476617932319641,-0.0009157669539869406,0.17395460605621338,1090,0.0,0.2374323159456253,0.0001
,,,,3300,,,-0.24452386000000004,0,110,0.72,1.61,12747,,,,,,,,,,
0.88,-0.08923182937316597,1859,3330,3330,1.26,0,,,,,,,2.9802322e-07,0.08631789684295654,0.2,-0.2521207720041275,9.367863301079637e-07,0.22680795192718506,1100,0.0,0.19358301758766175,0.0001
,,,,3330,,,-0.23622811999999999,0,111,0.75,1.55,12865,,,,,,,,,,
0.84,-0.09033080511260777,1878,3360,3360,1.34,0,,,,,,,0.0002224187,0.09728586673736572,0.2,-0.25821777284145353,-0.0017894921643891947,-0.09524726867675781,1110,0.0,0.22677595019340516,0.0001
,,,,3360,,,-0.28376442999999996,0,112,0.71,1.62,12987,,,,,,,,,,
0.92,-0.0697639385983348,1899,3390,3390,1.24,0,,,,,,,0.0009351333,0.0617673322558403,0.2,-0.3231267064809799,-0.005680117295123921,0.3455164432525635,1120,0.003333333507180214,0.1789357542991638,0.0001
,,,,3390,,,-0.25876182,0,113,0.75,1.54,13093,,,,,,,,,,
0.96,-0.04933989669196308,1917,3420,3420,1.16,0,,,,,,,2.6762486e-06,0.139394611120224,0.2,-0.2881468296051025,-2.895345302178498e-06,-0.023759126663208008,1130,0.0,0.3049191117286682,0.0001
,,,,3420,,,-0.24795991999999997,0,114,0.78,1.51,13200,,,,,,,,,,
0.82,-0.15197098815347998,1937,3450,3450,1.36,0,,,,,,,4.595518e-05,0.06663066148757935,0.2,-0.2916798979043961,-0.00035200471505962837,0.3660547733306885,1140,0.0,0.14835078418254852,0.0001
,,,,3450,,,-0.25801231999999996,0,115,0.78,1.52,13316,,,,,,,,,,
0.86,-0.10927508310880513,1956,3480,3480,1.28,0,,,,,,,0.0004026532,0.05593886971473694,0.2,-0.2947771281003952,-0.0013669942790874856,0.33154016733169556,1150,0.0,0.1478419631719589,0.0001
,,,,3480,,,-0.26822283,0,116,0.76,1.54,13438,,,,,,,,,,
0.86,-0.11183029565960169,1973,3510,3510,1.36,0,,,,,,,3.713568e-05,0.07752317190170288,0.2,-0.27935587167739867,-0.00017509758775604566,0.1996508240699768,1160,0.0,0.18156518489122392,0.0001
,,,,3510,,,-0.26590599000000004,0,117,0.75,1.57,13559,,,,,,,,,,
0.94,-0.04889584104064852,1992,3540,3540,1.16,0,,,,,,,7.079045e-05,0.08380132913589478,0.2,-0.27579501271247864,-0.001610083164511522,0.1531388759613037,1170,0.0,0.20339495986700057,0.0001
,,,,3540,,,-0.24994615000000003,0,118,0.75,1.57,13670,,,,,,,,,,
0.9,-0.05079977963119745,2011,3570,3570,1.28,0,,,,,,,3.2089152e-05,0.05742738023400307,0.2,-0.28213714361190795,0.0003694711109468507,0.47886890172958374,1180,0.0,0.1281799502670765,0.0001
,,,,3570,,,-0.23750541000000003,0,119,0.74,1.59,13784,,,,,,,,,,
0.9,-0.04963359727989882,2031,3600,3600,1.22,0,,,,,,,0.00024157962,0.09067859500646591,0.2,-0.3355516046285629,-0.001846593386726525,-0.16019582748413086,1190,0.0,0.21294138282537461,0.0001
,,,,3600,,,-0.25347816,0,120,0.72,1.6,13898,,,,,,,,,,
0.96,-0.02789787174668163,2047,3630,3630,1.16,0,,,,,,,0.00037552914,0.09233909845352173,0.2,-0.2915114849805832,-0.003977682780629976,0.14298564195632935,1200,0.0,0.24401642382144928,0.0001
,,,,3630,,,-0.25336131000000006,0,121,0.72,1.59,14010,,,,,,,,,,
0.96,-0.02884963183198124,2066,3660,3660,1.16,0,,,,,,,0.0004798015,0.06313665211200714,0.2,-0.3070187658071518,-0.005015499234820364,0.3528406023979187,1210,0.0,0.1542331635951996,0.0001
,,,,3660,,,-0.25964153,0,122,0.71,1.61,14117,,,,,,,,,,
0.9,-0.09036907318979502,2085,3690,3690,1.28,0,,,,,,,0.00019619863,0.07563778758049011,0.2,-0.34249635338783263,0.00014657676121707653,0.36181098222732544,1220,0.0,0.17206473648548126,0.0001
,,,,3690,,,-0.26273076,0,123,0.7,1.61,14236,,,,,,,,,,
0.96,-0.028755129207856955,2102,3720,3720,1.18,0,,,,,,,0.00015737613,0.07044204324483871,0.2,-0.34872802495956423,-0.001152707144501619,0.2757933735847473,1230,0.0,0.16356980800628662,0.0001
,,,,3720,,,-0.26351471,0,124,0.71,1.61,14346,,,,,,,,,,
0.92,-0.08991905725561082,2123,3750,3750,1.18,0,,,,,,,0.00043376486,0.08497492223978043,0.2,-0.4114012658596039,-0.0021662636549443447,0.3245139718055725,1240,0.0,0.22231709957122803,0.0001
,,,,3750,,,-0.24436114,0,125,0.73,1.6,14459,,,,,,,,,,
0.82,-0.15183747713454068,2140,3780,3780,1.4,0,,,,,,,5.282958e-06,0.07201804220676422,0.2,-0.38491886854171753,7.936656549034637e-05,0.32098180055618286,1250,0.0,0.16731683164834976,0.0001
,,,,3780,,,-0.23858668999999996,0,126,0.72,1.65,14581,,,,,,,,,,
0.88,-0.07032929167617112,2163,3810,3810,1.32,0,,,,,,,0.00024198492,0.0765673965215683,0.2,-0.3934876352548599,-0.003056511894683389,0.08270490169525146,1260,0.0,0.18048934787511825,0.0001
,,,,3810,,,-0.20156158999999998,0,127,0.77,1.56,14706,,,,,,,,,,
0.86,-0.13168288508895784,2181,3840,3840,1.3,0,,,,,,,0.0003538231,0.08376723527908325,0.2,-0.4196204513311386,-0.0008522281040738378,0.1662226915359497,1270,0.0,0.19735404402017592,0.0001
,,,,3840,,,-0.19838563,0,128,0.78,1.56,14831,,,,,,,,,,
0.94,-0.048856426123529674,2202,3870,3870,1.14,0,,,,,,,0.00055493315,0.08941793441772461,0.2,-0.3860843062400818,-0.002486962159358441,0.018569231033325195,1280,0.0,0.2102103427052498,0.0001
,,,,3870,,,-0.17122637000000004,0,129,0.81,1.51,14947,,,,,,,,,,
0.92,-0.06982514873147011,2221,3900,3900,1.24,0,,,,,,,0.000560834,0.08646633476018906,0.2,-0.3569596439599991,-0.005648992629721761,0.0038115978240966797,1290,0.0,0.22526669204235078,0.0001
,,,,3900,,,-0.18045846999999998,0,130,0.8,1.5,15063,,,,,,,,,,
0.82,-0.17261382753029467,2240,3930,3930,1.4,0,,,,,,,3.936688e-05,0.06514736264944077,0.2,-0.3355488032102585,-0.00035414088992791193,0.24884110689163208,1300,0.0,0.14543341398239135,0.0001
,,,,3930,,,-0.19479363999999993,0,131,0.79,1.5,15181,,,,,,,,,,
0.96,-0.048169876588508485,2261,3960,3960,1.12,0,,,,,,,0.0010124942,0.047967009246349335,0.2,-0.3909930348396301,-0.008264146080861323,0.25669240951538086,1310,0.013333334028720856,0.1397924467921257,0.0001
,,,,3960,,,-0.18215602,0,132,0.79,1.52,15292,,,,,,,,,,
0.9,-0.09044033822603524,2277,3990,3990,1.26,0,,,,,,,5.5462122e-05,0.05366231128573418,0.2,-0.3435664653778076,-0.0009310865873946028,0.28227388858795166,1320,0.0,0.128897924721241,0.0001
,,,,3990,,,-0.18857006,0,133,0.78,1.54,15424,,,,,,,,,,
0.9,-0.07145032030064613,2295,4020,4020,1.26,0,,,,,,,5.8587393e-05,0.09174179285764694,0.2,-0.3360903114080429,0.0004001196251676831,0.24307173490524292,1330,0.0,0.20392572283744811,0.0001
,,,,4020,,,-0.21507374,0,134,0.76,1.6,15541,,,,,,,,,,
0.92,-0.09287509841378778,2311,4050,4050,1.24,0,,,,,,,0.0001399835,0.0769948810338974,0.2,-0.3289395719766617,-0.0006878588640393702,0.08698755502700806,1340,0.0,0.17737898230552673,0.0001
,,,,4050,,,-0.21677993000000004,0,135,0.74,1.62,15653,,,,,,,,,,
0.96,-0.04807874508667737,2327,4080,4080,1.12,0,,,,,,,3.1709671e-06,0.09628096222877502,0.2,-0.3141989171504974,-2.7747949195244815e-06,0.11580294370651245,1350,0.0,0.21094080358743666,0.0001
,,,,4080,,,-0.23907886,0,136,0.71,1.68,15762,,,,,,,,,,
0.86,-0.09406603537034243,2344,4110,4110,1.32,0,,,,,,,9.208123e-05,0.0727914497256279,0.2,-0.3111561477184296,-0.0016313687815639355,0.265142560005188,1360,0.0,0.1698934629559517,0.0001
,,,,4110,,,-0.29075761000000006,0,137,0.68,1.75,15881,,,,,,,,,,
0.94,-0.02841648553032428,2364,4140,4140,1.18,0,,,,,,,0.000119223194,0.05767586827278137,0.2,-0.32879812121391294,-0.000800602630867342,0.4613507390022278,1370,0.0,0.1352146275341511,0.0001
,,,,4140,,,-0.30152998000000003,0,138,0.67,1.75,16006,,,,,,,,,,
0.92,-0.07691071998327971,2383,4170,4170,1.18,0,,,,,,,3.966689e-05,0.0670136958360672,0.2,-0.3457849383354187,-0.00025763381427772457,0.36968594789505005,1380,0.0,0.1491014465689659,0.0001
,,,,4170,,,-0.28139405000000006,0,139,0.69,1.69,16125,,,,,,,,,,
0.88,-0.13037871959619224,2403,4200,4200,1.28,0,,,,,,,0.00020544132,0.03914938494563103,0.2,-0.3318765997886658,-0.0013282944770375061,0.47672539949417114,1390,0.0,0.1056980013847351,0.0001
,,,,4200,,,-0.30545586,0,140,0.7,1.65,16241,,,,,,,,,,
0.84,-0.13207356755621733,2420,4230,4230,1.34,0,,,,,,,9.751121e-05,0.05590178817510605,0.2,-0.32315276861190795,-0.0006706420649424949,0.5127844214439392,1400,0.0,0.14791519120335578,0.0001
,,,,4230,,,-0.30924270000000004,0,141,0.7,1.65,16365,,,,,,,,,,
0.94,-0.0482532000914216,2434,4260,4260,1.18,0,,,,,,,0.00014398893,0.09658250957727432,0.2,-0.312989330291748,-0.0015915415829900858,0.1378287672996521,1410,0.0,0.2275852993130684,0.0001
,,,,4260,,,-0.30916234,0,142,0.68,1.68,16490,,,,,,,,,,
0.9,-0.093102695052512,2450,4290,4290,1.26,0,,,,,,,1.4503797e-06,0.1300419420003891,0.2,-0.30294485092163087,4.771788911970276e-05,-0.03729379177093506,1420,0.0,0.3002942234277725,0.0001
,,,,4290,,,-0.30814830000000004,0,143,0.69,1.69,16606,,,,,,,,,,
0.86,-0.11158799971919507,2469,4320,4320,1.34,0,,,,,,,0.00031425356,0.07671049237251282,0.2,-0.29440304934978484,-0.00491207919704415,0.34557104110717773,1430,0.0,0.1870687037706375,0.0001
,,,,4320,,,-0.30698923,0,144,0.69,1.7,16732,,,,,,,,,,
0.96,-0.028708889503031968,2492,4350,4350,1.14,0,,,,,,,0.020292591,0.07398036122322083,0.2,-0.35958767533302305,-0.013461893023923022,0.05397689342498779,1440,0.026666668057441712,0.21655219048261642,0.0001
,,,,4350,,,-0.30137526000000003,0,145,0.69,1.69,16856,,,,,,,,,,
0.94,-0.06838037247769535,2507,4380,4380,1.18,0,,,,,,,2.3841858e-08,0.05676409229636192,0.2,-0.2794895380735397,-5.125999353872146e-08,0.34753847122192383,1450,0.0,0.1391952522099018,0.0001
,,,,4380,,,-0.27624738000000004,0,146,0.69,1.7,16970,,,,,,,,,,
0.82,-0.160248884963803,2528,4410,4410,1.4,0,,,,,,,8.217494e-06,0.07866865396499634,0.2,-0.2803095310926437,-6.144657643742945e-05,-0.0022870302200317383,1460,0.0,0.17946622520685196,0.0001
,,,,4410,,,-0.24020296000000002,0,147,0.74,1.6,17097,,,,,,,,,,
0.9,-0.06902243643067778,2544,4440,4440,1.22,0,,,,,,,6.628434e-05,0.08804214745759964,0.2,-0.2871509611606598,-0.00046056310510422804,0.1657385230064392,1470,0.0,0.21071864068508148,0.0001
,,,,4440,,,-0.20864343999999999,0,148,0.74,1.6,17219,,,,,,,,,,
0.84,-0.1115377331059426,2561,4470,4470,1.36,0,,,,,,,4.396836e-06,0.13179795444011688,0.2,-0.29231452345848086,0.00015188862977097984,-0.8383197784423828,1480,0.0,0.30097937285900117,0.0001
,,,,4470,,,-0.20891717999999998,0,149,0.72,1.65,17338,,,,,,,,,,
0.92,-0.07020770930685102,2580,4500,4500,1.22,0,,,,,,,2.1801392e-05,0.08798453956842422,0.2,-0.2942529499530792,-0.00017108574868576198,0.011306047439575195,1490,0.0,0.19145305156707765,0.0001
,,,,4500,,,-0.20009938000000005,0,150,0.72,1.66,17450,,,,,,,,,,
0.88,-0.07388128584716469,2598,4530,4530,1.26,0,,,,,,,2.9206277e-07,0.06830444931983948,0.2,-0.3003562331199646,1.3760725563116694e-05,0.28949862718582153,1500,0.0,0.15463953465223312,0.0001
,,,,4530,,,-0.21499444000000006,0,151,0.74,1.64,17564,,,,,,,,,,
0.82,-0.11225820762105286,2616,4560,4560,1.4,0,,,,,,,5.990068e-05,0.09210681170225143,0.2,-0.30314957797527314,-0.001053730141478182,0.06413191556930542,1510,0.0,0.21906225234270096,0.0001
,,,,4560,,,-0.21644196000000002,0,152,0.72,1.66,17683,,,,,,,,,,
0.9,-0.09193127152044327,2632,4590,4590,1.2,0,,,,,,,0.0005093217,0.07649245113134384,0.2,-0.30178783237934115,-0.006946730670363932,0.1362553834915161,1520,0.0,0.19269192218780518,0.0001
,,,,4590,,,-0.26153753,0,153,0.68,1.73,17799,,,,,,,,,,
0.86,-0.1312188183190301,2649,4620,4620,1.36,0,,,,,,,0.0007811745,0.06355822831392288,0.2,-0.2802053242921829,-0.005656644164894686,0.31605851650238037,1530,0.0,0.1768025726079941,0.0001
,,,,4620,,,-0.27806844,0,154,0.68,1.72,17918,,,,,,,,,,
0.96,-0.04871220069937408,2667,4650,4650,1.14,0,,,,,,,0.000110747416,0.0729319229722023,0.2,-0.31193251013755796,0.0001964470739283186,0.4254755973815918,1540,0.0,0.16334092915058135,0.0001
,,,,4650,,,-0.30217294999999994,0,155,0.67,1.72,18043,,,,,,,,,,
0.94,-0.050229614204727116,2687,4680,4680,1.16,0,,,,,,,0.00029620528,0.07303937524557114,0.2,-0.3005848914384842,-0.0020547213872971425,0.31650763750076294,1550,0.0,0.1767618626356125,0.0001
,,,,4680,,,-0.28888382,0,156,0.68,1.7,18158,,,,,,,,,,
0.86,-0.11087721926160157,2705,4710,4710,1.34,0,,,,,,,9.127458e-05,0.06914711743593216,0.2,-0.24489538371562958,-0.001311997779497176,0.2649213671684265,1560,0.0,0.15559597462415695,0.0001
,,,,4710,,,-0.28306461,0,157,0.71,1.68,18276,,,,,,,,,,
0.9,-0.09235795895569027,2725,4740,4740,1.26,0,,,,,,,0.00020556847,0.10187689960002899,0.2,-0.2553696870803833,-0.0005503574068036699,-0.2745908498764038,1570,0.0,0.23507430106401445,0.0001
,,,,4740,,,-0.21909245000000002,0,158,0.75,1.61,18391,,,,,,,,,,
0.92,-0.06920732757076621,2747,4770,4770,1.24,0,,,,,,,9.57648e-07,0.07066389918327332,0.2,-0.26456743776798247,-3.966887811657216e-06,0.21056681871414185,1580,0.0,0.1595919504761696,0.0001
,,,,4770,,,-0.18983146999999995,0,159,0.8,1.54,18508,,,,,,,,,,
0.84,-0.15450661880895494,2768,4800,4800,1.34,0,,,,,,,9.729465e-06,0.046355534344911575,0.2,-0.273597264289856,-0.0006729574908725944,0.14126265048980713,1590,0.0,0.12050806507468223,0.0001
,,,,4800,,,-0.16249060999999995,0,160,0.83,1.49,18633,,,,,,,,,,
0.92,-0.07037366603966802,2789,4830,4830,1.18,0,,,,,,,0.00012898246,0.08396826684474945,0.2,-0.26925344169139864,-0.0011615413357139559,0.047685205936431885,1600,0.0,0.1984027475118637,0.0001
,,,,4830,,,-0.15342799999999998,0,161,0.84,1.46,18756,,,,,,,,,,
0.88,-0.11030148433987051,2804,4860,4860,1.28,0,,,,,,,2.9881796e-06,0.04813023656606674,0.2,-0.25359091758728025,1.8137693412967338e-06,0.4560629725456238,1610,0.0,0.11004846915602684,0.0001
,,,,4860,,,-0.17854552999999998,0,162,0.8,1.51,18879,,,,,,,,,,
0.86,-0.09141071891412139,2825,4890,4890,1.36,0,,,,,,,0.00011015534,0.08317727595567703,0.2,-0.24754942804574967,-0.0010600460884355734,0.17644160985946655,1620,0.0,0.19348360747098922,0.0001
,,,,4890,,,-0.16975337999999998,0,163,0.81,1.5,18994,,,,,,,,,,
0.92,-0.0891050530038774,2842,4920,4920,1.22,0,,,,,,,5.2652755e-05,0.06563683599233627,0.2,-0.2342039406299591,-0.0007734472681963922,0.08859020471572876,1630,0.0,0.16263564676046371,0.0001
,,,,4920,,,-0.20296165,0,164,0.78,1.57,19103,,,,,,,,,,
0.92,-0.06991099832113833,2859,4950,4950,1.24,0,,,,,,,1.569589e-06,0.09102663397789001,0.2,-0.2782206565141678,3.19285187470264e-05,0.18089276552200317,1640,0.0,0.20779628455638885,0.0001
,,,,4950,,,-0.21465073,0,165,0.75,1.64,19218,,,,,,,,,,
0.92,-0.0695170344086364,2881,4980,4980,1.2,0,,,,,,,0.0001259605,0.08122347295284271,0.2,-0.22038161903619766,-0.001060974396144232,0.07488155364990234,1650,0.0,0.18738069385290146,0.0001
,,,,4980,,,-0.19185218000000007,0,166,0.78,1.59,19321,,,,,,,,,,
0.88,-0.07182517668697982,2900,5010,5010,1.28,0,,,,,,,6.437302e-07,0.054055362939834595,0.2,-0.21266446858644486,-4.814863192081909e-06,0.22632139921188354,1660,0.0,0.11831314861774445,0.0001
,,,,5010,,,-0.21636049000000004,0,167,0.78,1.59,19447,,,,,,,,,,
0.96,-0.047619073926471175,2917,5040,5040,1.14,0,,,,,,,1.5578667e-05,0.09997681528329849,0.2,-0.20846905410289765,-0.00039550712019262855,0.323391854763031,1670,0.0,0.2559218168258667,0.0001
,,,,5040,,,-0.21406733999999997,0,168,0.75,1.63,19552,,,,,,,,,,
0.94,-0.05401084086857736,2936,5070,5070,1.22,0,,,,,,,1.1920929e-07,0.06654371321201324,0.2,-0.20399220883846284,-2.599557240845485e-06,0.17770230770111084,1680,0.0,0.15275516360998154,0.0001
,,,,5070,,,-0.23630473,0,169,0.73,1.65,19663,,,,,,,,,,
0.9,-0.10952037058770657,2957,5100,5100,1.24,0,,,,,,,1.582702e-05,0.07907817512750626,0.2,-0.20320377945899964,-0.00017679989364296488,0.26466524600982666,1690,0.0,0.17763789147138595,0.0001
,,,,5100,,,-0.19466705,0,170,0.77,1.53,19781,,,,,,,,,,
0.98,-0.02776150319725275,2973,5130,5130,1.08,0,,,,,,,2.78155e-07,0.11211222410202026,0.2,-0.2078896850347519,1.3675292688475339e-06,-0.6782556772232056,1700,0.0,0.25829302072525023,0.0001
,,,,5130,,,-0.22601763000000002,0,171,0.71,1.62,19885,,,,,,,,,,
0.92,-0.09245006286073476,2992,5160,5160,1.2,0,,,,,,,2.4819374e-05,0.10955414175987244,0.2,-0.20916875302791596,-0.0006497962426998072,-0.04764246940612793,1710,0.0,0.23941377699375152,0.0001
,,,,5160,,,-0.20772133000000004,0,172,0.72,1.6,19999,,,,,,,,,,
0.92,-0.08902710335329175,3010,5190,5190,1.22,0,,,,,,,2.3841858e-07,0.0812218114733696,0.2,-0.2046287924051285,-8.422136493990706e-07,0.2460554838180542,1720,0.0,0.19282574504613875,0.0001
,,,,5190,,,-0.20190647000000003,0,173,0.72,1.63,20114,,,,,,,,,,
0.96,-0.007873160997405648,3029,5220,5220,1.14,0,,,,,,,4.549821e-07,0.13008925318717957,0.2,-0.20370355993509293,-1.6711503001687333e-05,-0.11451256275177002,1730,0.0,0.2925183594226837,0.0001
,,,,5220,,,-0.16834786000000002,0,174,0.75,1.6,20219,,,,,,,,,,
0.94,-0.04863807271234691,3049,5250,5250,1.22,0,,,,,,,0.0012788078,0.04961368441581726,0.2,-0.24641552418470383,-0.0007429841140159432,0.07012015581130981,1740,0.006666667014360428,0.17195391431450843,0.0001
,,,,5250,,,-0.17910399999999999,0,175,0.75,1.6,20336,,,,,,,,,,
0.92,-0.04909493500366807,3063,5280,5280,1.2,0,,,,,,,8.864005e-05,0.10669465363025665,0.2,-0.20248018503189086,-0.001643889948802979,0.3141908049583435,1750,0.0,0.23195930570363998,0.0001
,,,,5280,,,-0.23440596,0,176,0.71,1.68,20443,,,,,,,,,,
0.94,-0.04869601340033114,3081,5310,5310,1.16,0,,,,,,,9.338061e-07,0.09832821041345596,0.2,-0.19493042379617692,0.00024160524330607558,0.1683356761932373,1760,0.0,0.2696399003267288,0.0001
,,,,5310,,,-0.22561324,0,177,0.73,1.65,20586,,,,,,,,,,
0.94,-0.048550392659381034,3101,5340,5340,1.18,0,,,,,,,0.0,0.08147919923067093,0.2,-0.193112114071846,-3.148714721756818e-06,0.25390660762786865,1770,0.0,0.1752285212278366,0.0001
,,,,5340,,,-0.25119035000000006,0,178,0.72,1.65,20695,,,,,,,,,,
0.8,-0.17340664881281553,3118,5370,5370,1.42,0,,,,,,,5.84205e-05,0.08258972316980362,0.2,-0.20263832658529282,-0.0005036411670637619,0.21262240409851074,1780,0.0,0.18527703881263732,0.0001
,,,,5370,,,-0.28761542,0,179,0.7,1.67,20851,,,,,,,,,,
0.92,-0.04918725219555199,3136,5400,5400,1.22,0,,,,,,,0.00039244097,0.08331803232431412,0.2,-0.24816627353429793,-0.0033143095625564277,0.2528298497200012,1790,0.0,0.19811598658561708,0.0001
,,,,5400,,,-0.30846775,0,180,0.67,1.7,20960,,,,,,,,,,
0.9,-0.048632185184396805,3151,5430,5430,1.22,0,,,,,,,2.2212664e-06,0.12650668621063232,0.2,-0.18113761246204377,-7.647325634039249e-05,0.07136160135269165,1800,0.0,0.29149505496025085,0.0001
,,,,5430,,,-0.30206839,0,181,0.66,1.73,21078,,,,,,,,,,
0.88,-0.12942057714797556,3171,5460,5460,1.3,0,,,,,,,1.2715658e-07,0.06270302087068558,0.2,-0.17263042479753493,-2.706050889145217e-07,0.40011072158813477,1810,0.0,0.1399833455681801,0.0001
,,,,5460,,,-0.28482604,0,182,0.7,1.67,21210,,,,,,,,,,
0.98,-0.028027982143685223,3186,5490,5490,1.1,0,,,,,,,0.00020921031,0.10393571853637695,0.2,-0.17383095771074294,-0.002244939410690394,0.03443717956542969,1820,0.0,0.2381928250193596,0.0001
,,,,5490,,,-0.30438622,0,183,0.67,1.73,21322,,,,,,,,,,
0.9,-0.08911955853924156,3206,5520,5520,1.22,0,,,,,,,0.0185266,0.1509823203086853,0.2,-0.21666704267263412,-0.009880863310148414,-0.2711198329925537,1830,0.023333334550261497,0.3570081204175949,0.0001
,,,,5520,,,-0.27698004,0,184,0.68,1.71,21428,,,,,,,,,,
0.94,-0.04862371759023518,3220,5550,5550,1.18,0,,,,,,,3.66052e-05,0.07874919474124908,0.2,-0.17426459789276122,-0.0002919370925277498,0.12135189771652222,1840,0.0,0.1809118866920471,0.0001
,,,,5550,,,-0.27297764999999996,0,185,0.67,1.76,21535,,,,,,,,,,
0.88,-0.09011394796893,3236,5580,5580,1.26,0,,,,,,,0.00024454197,0.07266449183225632,0.2,-0.17612301409244538,-0.0006932542790309526,0.2315465807914734,1850,0.0,0.1657180294394493,0.0001
,,,,5580,,,-0.30421555,0,186,0.65,1.8,21652,,,,,,,,,,
0.86,-0.09473086052574217,3254,5610,5610,1.32,0,,,,,,,0.00011243622,0.09196598082780838,0.2,-0.1808206170797348,-0.0007104162274178538,0.05379742383956909,1860,0.0,0.2095530778169632,0.0001
,,,,5610,,,-0.27311741,0,187,0.68,1.74,21778,,,,,,,,,,
0.88,-0.11030521893873811,3273,5640,5640,1.26,0,,,,,,,2.3841858e-07,0.07378141582012177,0.2,-0.17450666129589082,-1.5398860211846e-06,0.3694947361946106,1870,0.0,0.1686639130115509,0.0001
,,,,5640,,,-0.26578422999999995,0,188,0.68,1.74,21901,,,,,,,,,,
0.84,-0.13574578046798705,3289,5670,5670,1.36,0,,,,,,,3.3775964e-07,0.08796296268701553,0.2,-0.17219242304563523,-2.3035208747579363e-06,0.19012755155563354,1880,0.0,0.19121876507997512,0.0001
,,,,5670,,,-0.28598059000000003,0,189,0.68,1.76,22024,,,,,,,,,,
0.88,-0.08965461122337728,3304,5700,5700,1.26,0,,,,,,,0.0,0.06757452338933945,0.2,-0.1723315879702568,-3.3537547352580075e-07,0.3829362988471985,1890,0.0,0.14482858777046204,0.0001
,,,,5700,,,-0.3269163499999999,0,190,0.64,1.84,22134,,,,,,,,,,
0.9,-0.09099436760880053,3323,5730,5730,1.3,0,,,,,,,0.0,0.0862932875752449,0.2,-0.17291303277015685,-6.72042384053384e-07,0.16819381713867188,1900,0.0,0.19132377207279205,0.0001
,,,,5730,,,-0.30669073999999996,0,191,0.68,1.73,22254,,,,,,,,,,
0.92,-0.06975502653047443,3345,5760,5760,1.2,0,,,,,,,1.5981992e-05,0.09090147912502289,0.2,-0.17318262308835983,-0.00017336904943174858,0.1954345703125,1910,0.0,0.20231062769889832,0.0001
,,,,5760,,,-0.26655817000000004,0,192,0.73,1.63,22364,,,,,,,,,,
0.88,-0.11024524367414415,3365,5790,5790,1.28,0,,,,,,,6.1591464e-08,0.08931102603673935,0.2,-0.17668187320232392,-7.187326765745184e-07,0.17350232601165771,1920,0.0,0.2211756095290184,0.0001
,,,,5790,,,-0.26308194,0,193,0.73,1.62,22471,,,,,,,,,,
0.86,-0.09284103842452168,3380,5820,5820,1.36,0,,,,,,,0.0,0.07617998868227005,0.2,-0.17708239257335662,-1.8740197258892976e-06,0.1418951153755188,1930,0.0,0.17325560450553895,0.0001
,,,,5820,,,-0.24136912000000005,0,194,0.72,1.63,22596,,,,,,,,,,
0.92,-0.09039538722019642,3402,5850,5850,1.2,0,,,,,,,0.000573349,0.08209247887134552,0.2,-0.19118519276380538,-0.0032312673080014064,-0.16940391063690186,1940,0.0,0.2029896482825279,0.0001
,,,,5850,,,-0.19287578999999996,0,195,0.78,1.51,22706,,,,,,,,,,
0.94,-0.04840441453736275,3423,5880,5880,1.14,0,,,,,,,0.00051003695,0.04593256860971451,0.2,-0.16424930840730667,-0.0036130667190688247,0.4656502604484558,1950,0.0,0.12363533601164818,0.0001
,,,,5880,,,-0.19929344000000002,0,196,0.78,1.51,22821,,,,,,,,,,
0.9,-0.0777246455103159,3446,5910,5910,1.26,0,,,,,,,6.204049e-05,0.07494302839040756,0.2,-0.1552330270409584,-0.0004550940768967671,0.4074985980987549,1960,0.0,0.1667199581861496,0.0001
,,,,5910,,,-0.19806652,0,197,0.79,1.47,22935,,,,,,,,,,
0.88,-0.07133564825635404,3465,5940,5940,1.32,0,,,,,,,2.3841858e-07,0.1023268848657608,0.2,-0.1584319680929184,-5.250175814097702e-08,0.036258161067962646,1970,0.0,0.24229992777109147,0.0001
,,,,5940,,,-0.20913689,0,198,0.78,1.49,23048,,,,,,,,,,
0.88,-0.11075267671141774,3482,5970,5970,1.32,0,,,,,,,5.761782e-08,0.07165168970823288,0.2,-0.16107157766819,-8.409718688540124e-07,0.28494536876678467,1980,0.0,0.15555398017168046,0.0001
,,,,5970,,,-0.21186993000000004,0,199,0.79,1.48,23167,,,,,,,,,,
0.9,-0.049743031449615956,3497,6000,6000,1.22,0,,,,,,,0.0003039221,0.09223048388957977,0.2,-0.16020204424858092,-0.0026228243992470366,0.026113033294677734,1990,0.0,0.21973109543323516,0.0001
,,,,6000,,,-0.25671821000000006,0,200,0.74,1.59,23277,,,,,,,,,,
0.94,-0.06925759031902999,3520,6030,6030,1.14,0,,,,,,,5.9604645e-07,0.05788594111800194,0.2,-0.15125031620264054,-1.2069940546588498e-06,0.4505807161331177,2000,0.0,0.12724073156714438,0.0001
,,,,6030,,,-0.22042726,0,201,0.77,1.54,23384,,,,,,,,,,
0.9,-0.03199386657215655,3537,6060,6060,1.26,0,,,,,,,1.1920929e-07,0.061453431844711304,0.2,-0.14750853478908538,-1.933177321333801e-07,0.3600740432739258,2010,0.0,0.14444128870964051,0.0001
,,,,6060,,,-0.24471833999999998,0,202,0.74,1.61,23501,,,,,,,,,,
0.94,-0.07035429253708571,3555,6090,6090,1.16,0,,,,,,,0.0,0.1061495691537857,0.2,-0.14619215726852416,-1.380840943809858e-08,0.2366008162498474,2020,0.0,0.22774727195501326,0.0001
,,,,6090,,,-0.27967499999999995,0,203,0.71,1.68,23617,,,,,,,,,,
0.86,-0.13602556716650724,3573,6120,6120,1.32,0,,,,,,,0.00013857086,0.09636867046356201,0.2,-0.14368808269500732,-0.0008304825385615277,0.19592362642288208,2030,0.0,0.2121391251683235,0.0001
,,,,6120,,,-0.27872387,0,204,0.72,1.66,23730,,,,,,,,,,
0.88,-0.11076076406985522,3589,6150,6150,1.24,0,,,,,,,4.808108e-07,0.11437755823135376,0.2,-0.13639207780361176,-5.738933891663578e-07,0.01588541269302368,2040,0.0,0.24880984276533127,0.0001
,,,,6150,,,-0.27590244,0,205,0.7,1.66,23838,,,,,,,,,,
0.9,-0.11074883183930069,3608,6180,6180,1.3,0,,,,,,,7.217924e-05,0.09566798061132431,0.2,-0.13150061666965485,-0.000404648585123768,0.02070707082748413,2050,0.0,0.21479084342718124,0.0001
,,,,6180,,,-0.26728989999999997,0,206,0.71,1.65,23957,,,,,,,,,,
0.82,-0.17522057618945838,3627,6210,6210,1.5,0,,,,,,,2.3841858e-07,0.10643105208873749,0.2,-0.12718507647514343,-1.8209219083686888e-07,-0.19195926189422607,2060,0.0,0.23676707297563554,0.0001
,,,,6210,,,-0.24293379,0,207,0.71,1.66,24088,,,,,,,,,,
0.88,-0.09015265279915184,3644,6240,6240,1.28,0,,,,,,,0.0019951642,0.09442511945962906,0.2,-0.12669016569852828,-0.0007175598553536666,-0.1253831386566162,2070,0.010000000521540642,0.21326857507228852,0.0001
,,,,6240,,,-0.25811433,0,208,0.7,1.68,24207,,,,,,,,,,
0.88,-0.07048783073201775,3663,6270,6270,1.28,0,,,,,,,0.0,0.09074661135673523,0.2,-0.1252377986907959,-1.2497107167774856e-06,0.3528715968132019,2080,0.0,0.19369829148054124,0.0001
,,,,6270,,,-0.24668827000000007,0,209,0.72,1.63,24322,,,,,,,,,,
0.92,-0.08852853154297918,3683,6300,6300,1.18,0,,,,,,,0.0,0.07354313135147095,0.2,-0.12604437470436097,1.468261086046141e-07,0.27313554286956787,2090,0.0,0.16327182650566102,0.0001
,,,,6300,,,-0.24749822999999999,0,210,0.71,1.64,24427,,,,,,,,,,
0.94,-0.050445922911167146,3703,6330,6330,1.18,0,,,,,,,0.0,0.07376044988632202,0.2,-0.12566709220409394,5.958477640177762e-07,0.3597564101219177,2100,0.0,0.16140822023153306,0.0001
,,,,6330,,,-0.22567163999999998,0,211,0.75,1.56,24532,,,,,,,,,,
0.9,-0.06980076003819705,3721,6360,6360,1.28,0,,,,,,,8.616646e-05,0.06980380415916443,0.2,-0.12680386006832123,-0.0014620169080444612,0.27306246757507324,2110,0.0,0.16249809563159942,0.0001
,,,,6360,,,-0.23891136,0,212,0.72,1.62,24641,,,,,,,,,,
0.94,-0.047621538816019895,3737,6390,6390,1.14,0,,,,,,,1.8874805e-07,0.09119649231433868,0.2,-0.13135187923908234,2.662017891148505e-05,0.11399495601654053,2120,0.0,0.1954273149371147,0.0001
,,,,6390,,,-0.23394507999999997,0,213,0.73,1.63,24745,,,,,,,,,,
0.88,-0.13030127712525427,3755,6420,6420,1.28,0,,,,,,,0.00014902552,0.07044833153486252,0.2,-0.13411085307598114,-0.000835022166647903,0.3522396683692932,2130,0.0,0.157985357940197,0.0001
,,,,6420,,,-0.24300218,0,214,0.73,1.63,24857,,,,,,,,,,
0.94,-0.02840159153100103,3774,6450,6450,1.16,0,,,,,,,3.0001004e-07,0.09466176480054855,0.2,-0.13880965560674668,-5.527834195717674e-07,0.20459210872650146,2140,0.0,0.2026739686727524,0.0001
,,,,6450,,,-0.25734818000000004,0,215,0.74,1.64,24963,,,,,,,,,,
0.86,-0.09301462874747812,3795,6480,6480,1.34,0,,,,,,,0.0029658119,0.12603668868541718,0.2,-0.1977565735578537,-0.007299858750775457,-0.28259074687957764,2150,0.020000001043081285,0.2989130914211273,0.0001
,,,,6480,,,-0.22631854,0,216,0.75,1.62,25078,,,,,,,,,,
0.94,-0.049963349313475194,3814,6510,6510,1.22,0,,,,,,,2.5749207e-06,0.06532259285449982,0.2,-0.14814596325159074,1.4019806937071166e-05,-0.07308435440063477,2160,0.0,0.16081962138414382,0.0001
,,,,6510,,,-0.23850242,0,217,0.74,1.64,25182,,,,,,,,,,
0.9,-0.09193980774376541,3830,6540,6540,1.22,0,,,,,,,0.0,0.0896439477801323,0.2,-0.14758867174386978,1.6987323654404917e-07,0.17154276371002197,2170,0.0,0.1891094371676445,0.0001
,,,,6540,,,-0.25848117000000004,0,218,0.73,1.64,25295,,,,,,,,,,
0.92,-0.08968137715943157,3846,6570,6570,1.22,0,,,,,,,0.0029798427,0.0749390572309494,0.2,-0.1768729254603386,-0.0035109145562939757,0.3484668731689453,2180,0.010000000521540642,0.20646199136972426,0.0001
,,,,6570,,,-0.24829062000000002,0,219,0.72,1.65,25401,,,,,,,,,,
0.92,-0.09132794531993568,3863,6600,6600,1.18,0,,,,,,,1.3411045e-06,0.10566072911024094,0.2,-0.14805613756179808,0.00017887532565508124,0.02696126699447632,2190,0.0,0.22337678223848342,0.0001
,,,,6600,,,-0.23417077999999994,0,220,0.73,1.67,25505,,,,,,,,,,
0.84,-0.11204578924924136,3880,6630,6630,1.32,0,,,,,,,0.018945375,0.06245121359825134,0.2,-0.2960843056440353,-0.007619921877048919,0.4124237298965454,2200,0.0600000012665987,0.1533335953950882,0.0001
,,,,6630,,,-0.26467462999999997,0,221,0.7,1.72,25630,,,,,,,,,,
0.9,-0.09144200538750738,3896,6660,6660,1.3,0,,,,,,,8.636713e-06,0.0929635614156723,0.2,-0.14828813672065735,-0.00015724797922302968,0.2903097867965698,2210,0.0,0.20556486696004866,0.0001
,,,,6660,,,-0.31124421999999996,0,222,0.68,1.78,25737,,,,,,,,,,
0.92,-0.028844211800023913,3916,6690,6690,1.22,0,,,,,,,0.00020693739,0.11203386634588242,0.2,-0.15365450233221054,-0.0023006748997918434,0.11418956518173218,2220,0.0,0.2615794509649277,0.0001
,,,,6690,,,-0.3077484100000001,0,223,0.69,1.78,25844,,,,,,,,,,
0.86,-0.11034205712378026,3938,6720,6720,1.32,0,,,,,,,2.7795634e-06,0.10942363739013672,0.2,-0.1750265836715698,4.494984913527844e-06,0.08504652976989746,2230,0.0,0.23546047657728195,0.0001
,,,,6720,,,-0.22475755,0,224,0.76,1.63,25960,,,,,,,,,,
0.92,-0.04966200807597488,3953,6750,6750,1.2,0,,,,,,,2.4954477e-05,0.05402297526597977,0.2,-0.1697495087981224,-0.0002075310053502477,0.1291680932044983,2240,0.0,0.15634622424840927,0.0001
,,,,6750,,,-0.23911269000000002,0,225,0.76,1.66,26072,,,,,,,,,,
0.96,-0.02696818276774138,3972,6780,6780,1.08,0,,,,,,,0.00024418434,0.08025860786437988,0.2,-0.17262689173221588,-0.0018825576693052072,0.2908216118812561,2250,0.0,0.17525120377540587,0.0001
,,,,6780,,,-0.23800984000000003,0,226,0.75,1.64,26176,,,,,,,,,,
0.94,-0.028870631838217378,3993,6810,6810,1.22,0,,,,,,,2.925992e-05,0.07944053411483765,0.2,-0.17621008604764937,-0.00021783441089304745,0.15920311212539673,2260,0.0,0.1739637956023216,0.0001
,,,,6810,,,-0.18879833999999998,0,227,0.78,1.55,26285,,,,,,,,,,
1.0,-0.008439114112406968,4012,6840,6840,1.08,0,,,,,,,2.3841858e-07,0.059842441231012344,0.2,-0.17308001816272736,-2.015729764970331e-06,0.2424025535583496,2270,0.0,0.132613392919302,0.0001
,,,,6840,,,-0.18793163,0,228,0.78,1.55,26382,,,,,,,,,,
0.9,-0.11049428654834628,4031,6870,6870,1.26,0,,,,,,,0.00042378504,0.0605958066880703,0.2,-0.1707574024796486,-0.0034958408315041824,0.2065577507019043,2280,0.0,0.1466214254498482,0.0001
,,,,6870,,,-0.20609360000000002,0,229,0.77,1.58,26493,,,,,,,,,,
0.84,-0.15320352643728255,4049,6900,6900,1.4,0,,,,,,,0.0072055617,0.07667765766382217,0.2,-0.20512322187423707,-0.003960626038800308,0.03436511754989624,2290,0.01666666753590107,0.18484262228012086,0.0001
,,,,6900,,,-0.20883711000000002,0,230,0.75,1.61,26613,,,,,,,,,,
0.92,-0.0710165421385318,4067,6930,6930,1.18,0,,,,,,,0.00067248143,0.050706442445516586,0.2,-0.1363590970635414,-0.004904482419369671,0.2631304860115051,2300,0.0,0.12958166599273682,0.0001
,,,,6930,,,-0.18316686000000001,0,231,0.76,1.6,26726,,,,,,,,,,
0.9,-0.08972221354022622,4084,6960,6960,1.22,0,,,,,,,6.590287e-05,0.03717241808772087,0.2,-0.1222526915371418,-0.0004566559719631158,0.39642995595932007,2310,0.0,0.08886811286211013,0.0001
,,,,6960,,,-0.22200328,0,232,0.73,1.68,26839,,,,,,,,,,
0.98,-0.007811491624452173,4102,6990,6990,1.1,0,,,,,,,0.00029211043,0.15077531337738037,0.2,-0.12707501500844956,-0.0007207532756001278,0.2163921594619751,2320,0.0,0.3518311887979507,0.0001
,,,,6990,,,-0.23918512000000003,0,233,0.73,1.68,26936,,,,,,,,,,
0.94,-0.047739542522467676,4118,7020,7020,1.16,0,,,,,,,6.357829e-08,0.11348723620176315,0.2,-0.12881108224391938,-4.69187895149048e-06,0.024358034133911133,2330,0.0,0.2550429329276085,0.0001
,,,,7020,,,-0.23385363000000006,0,234,0.72,1.67,27035,,,,,,,,,,
0.94,-0.069152054740116,4137,7050,7050,1.18,0,,,,,,,0.0,0.11276885122060776,0.2,-0.12955970615148543,-2.831220667687262e-07,-0.08630907535552979,2340,0.0,0.2504428505897522,0.0001
,,,,7050,,,-0.25352402,0,235,0.69,1.71,27152,,,,,,,,,,
0.88,-0.13224649210460485,4153,7080,7080,1.28,0,,,,,,,0.005684173,0.0593731664121151,0.2,-0.1546032950282097,-0.002339785216997026,0.360528826713562,2350,0.026666668057441712,0.13279766216874123,0.0001
,,,,7080,,,-0.24399257000000002,0,236,0.7,1.72,27272,,,,,,,,,,
0.94,-0.05035556533373892,4170,7110,7110,1.18,0,,,,,,,0.0,0.05933031812310219,0.2,-0.12988197356462478,1.3717015473702077e-06,-0.17303812503814697,2360,0.0,0.13488310500979422,0.0001
,,,,7110,,,-0.2859136399999999,0,237,0.66,1.76,27384,,,,,,,,,,
0.98,-0.007598619554191828,4189,7140,7140,1.1,0,,,,,,,0.0,0.13929620385169983,0.2,-0.1301612675189972,3.735224390233327e-07,0.08515280485153198,2370,0.0,0.30909026563167574,0.0001
,,,,7140,,,-0.26335649,0,238,0.68,1.73,27494,,,,,,,,,,
0.94,-0.04832654308062047,4207,7170,7170,1.16,0,,,,,,,0.0,0.09218385070562363,0.2,-0.13052983582019806,9.278456518657663e-08,0.23569422960281372,2380,0.0,0.21510429829359054,0.0001
,,,,7170,,,-0.23576429,0,239,0.69,1.71,27743,,,,,,,,,,
0.96,-0.04833290228620171,4226,7200,7200,1.12,0,,,,,,,0.0,0.08370152115821838,0.2,-0.1300418570637703,-1.0927518534487035e-08,0.11026382446289062,2390,0.0,0.1862393081188202,0.0001
,,,,7200,,,-0.22268618,0,240,0.72,1.66,27849,,,,,,,,,,
0.9,-0.06994770803488791,4240,7230,7230,1.28,0,,,,,,,0.00033441585,0.09810785204172134,0.2,-0.12881549447774887,-0.0022326970159582517,-0.040140390396118164,2400,0.0,0.22848524749279023,0.0001
,,,,7230,,,-0.27357317,0,241,0.68,1.74,27968,,,,,,,,,,
0.92,-0.07110320664942264,4258,7260,7260,1.22,0,,,,,,,1.0609626e-06,0.1070813238620758,0.2,-0.1226385347545147,-7.087151225277921e-05,0.049533069133758545,2410,0.0,0.23920530676841736,0.0001
,,,,7260,,,-0.30763661999999997,0,242,0.67,1.73,28077,,,,,,,,,,
0.94,-0.04977058434393257,4278,7290,7290,1.16,0,,,,,,,1.1920929e-07,0.08856592327356339,0.2,-0.11594208553433419,1.3584892677442895e-08,0.27772098779678345,2420,0.0,0.20052846521139145,0.0001
,,,,7290,,,-0.28566467,0,243,0.68,1.7,28179,,,,,,,,,,
0.96,-0.0281162915751338,4297,7320,7320,1.14,0,,,,,,,0.0,0.0866284966468811,0.2,-0.1147424653172493,2.6176373175701427e-07,0.1309300661087036,2430,0.0,0.20846953243017197,0.0001
,,,,7320,,,-0.27131661,0,244,0.7,1.68,28285,,,,,,,,,,
0.84,-0.13085860341321676,4316,7350,7350,1.36,0,,,,,,,0.0,0.06616678833961487,0.2,-0.11390517726540565,8.344650703762112e-09,0.275357186794281,2440,0.0,0.14561730474233628,0.0001
,,,,7350,,,-0.25930686999999997,0,245,0.71,1.64,28403,,,,,,,,,,
0.94,-0.04955237322486937,4334,7380,7380,1.22,0,,,,,,,4.0078165e-05,0.055423445999622345,0.2,-0.11396803632378578,-0.000547214555529818,0.4453018307685852,2450,0.0,0.13804861158132553,0.0001
,,,,7380,,,-0.22774182000000004,0,246,0.73,1.62,28539,,,,,,,,,,
0.96,-0.04761503292713314,4356,7410,7410,1.14,0,,,,,,,0.0,0.096324622631073,0.2,-0.11290880143642426,-1.767774472583028e-07,-0.05385029315948486,2460,0.0,0.21399137526750564,0.0001
,,,,7410,,,-0.18781141999999998,0,247,0.78,1.54,28647,,,,,,,,,,
0.96,-0.04783255140297115,4375,7440,7440,1.14,0,,,,,,,0.0,0.08359671384096146,0.2,-0.11288021430373192,-3.8117170682028244e-07,-0.029339313507080078,2470,0.0,0.1877201497554779,0.0001
,,,,7440,,,-0.19324339999999998,0,248,0.79,1.55,28749,,,,,,,,,,
0.9,-0.08961483794730157,4395,7470,7470,1.24,0,,,,,,,6.122987e-05,0.10492925345897675,0.2,-0.11216977760195732,-0.000965912531610158,0.07605242729187012,2480,0.0,0.23528624027967454,0.0001
,,,,7470,,,-0.18224058000000004,0,249,0.79,1.53,28858,,,,,,,,,,
0.92,-0.0681858820701018,4414,7500,7500,1.18,0,,,,,,,0.00055993197,0.06949904561042786,0.2,-0.10768395587801934,-0.0016373072887654772,-0.1488879919052124,2490,0.0,0.16635590493679048,0.0001
,,,,7500,,,-0.19618681999999998,0,250,0.78,1.55,28965,,,,,,,,,,
0.82,-0.15296547869686036,4433,7530,7530,1.46,0,,,,,,,1.8999974e-05,0.08764883130788803,0.2,-0.09907477647066117,0.0014653509932880393,0.3120008111000061,2500,0.0,0.18783200085163115,0.0001
,,,,7530,,,-0.18679619,0,251,0.79,1.51,29093,,,,,,,,,,
0.96,-0.04887792455498129,4452,7560,7560,1.2,0,,,,,,,5.5631002e-08,0.08072159439325333,0.2,-0.10005824491381646,-4.5806169364226433e-07,0.12357622385025024,2510,0.0,0.17829269766807557,0.0001
,,,,7560,,,-0.20298285,0,252,0.76,1.55,29199,,,,,,,,,,
0.9,-0.09052326566539705,4469,7590,7590,1.28,0,,,,,,,0.00024565458,0.08993005007505417,0.2,-0.09906467646360398,-0.0032684191281441956,0.2510707378387451,2520,0.0,0.20195328295230866,0.0001
,,,,7590,,,-0.24141254,0,253,0.73,1.59,29310,,,,,,,,,,
0.84,-0.09108645475469529,4492,7620,7620,1.36,0,,,,,,,0.013357645,0.10035563260316849,0.2,-0.15355174690485002,-0.001896784121054207,0.18238019943237305,2530,0.023333334550261497,0.2285890430212021,0.0001
,,,,7620,,,-0.23215837,0,254,0.74,1.55,29423,,,,,,,,,,
0.9,-0.09045384120196104,4513,7650,7650,1.32,0,,,,,,,0.0,0.08337142318487167,0.2,-0.09198734238743782,-4.642109114794124e-06,-0.0693126916885376,2540,0.0,0.18955474346876144,0.0001
,,,,7650,,,-0.20748589000000003,0,255,0.76,1.53,29538,,,,,,,,,,
0.92,-0.07128113456070423,4532,7680,7680,1.18,0,,,,,,,0.0,0.07180047780275345,0.2,-0.09119501188397408,2.821286525289679e-07,0.061520516872406006,2550,0.0,0.1695871978998184,0.0001
,,,,7680,,,-0.21333148,0,256,0.76,1.53,29656,,,,,,,,,,
0.92,-0.07261394147295505,4548,7710,7710,1.24,0,,,,,,,0.0,0.07960213720798492,0.2,-0.09018378481268882,-6.953875395510067e-08,0.3672786355018616,2560,0.0,0.16965538561344146,0.0001
,,,,7710,,,-0.22690911999999996,0,257,0.75,1.56,29760,,,,,,,,,,
0.9,-0.11281090921722353,4566,7740,7740,1.34,0,,,,,,,4.0312607e-06,0.10046201199293137,0.2,-0.09024175330996513,-3.627190968620297e-05,0.19008898735046387,2570,0.0,0.2251896470785141,0.0001
,,,,7740,,,-0.19958999,0,258,0.76,1.54,29886,,,,,,,,,,
0.96,-0.05083928144071251,4584,7770,7770,1.08,0,,,,,,,0.0,0.08797945827245712,0.2,-0.08919560760259629,2.6027362443059587e-08,0.1900230050086975,2580,0.0,0.1896233081817627,0.0001
,,,,7770,,,-0.22975457,0,259,0.74,1.59,29984,,,,,,,,,,
0.8,-0.15706021573394538,4605,7800,7800,1.46,0,,,,,,,0.0020602762,0.047681160271167755,0.2,-0.14701068997383118,-0.00936360350189105,0.4070160984992981,2590,0.026666668057441712,0.13169091567397118,0.0001
,,,,7800,,,-0.24010212000000006,0,260,0.74,1.61,30125,,,,,,,,,,
0.9,-0.07459131348412484,4619,7830,7830,1.3,0,,,,,,,0.0,0.07434108853340149,0.2,-0.08839810416102409,4.6933691368877815e-07,0.31566321849823,2600,0.0,0.16584601253271103,0.0001
,,,,7830,,,-0.27750170999999996,0,261,0.7,1.67,30235,,,,,,,,,,
0.94,-0.04888320991303772,4638,7860,7860,1.2,0,,,,,,,0.0,0.1031123623251915,0.2,-0.08884113356471061,-1.035134012106198e-06,0.16743654012680054,2610,0.0,0.2206386372447014,0.0001
,,,,7860,,,-0.26850368,0,262,0.69,1.69,30354,,,,,,,,,,
0.94,-0.048043992361053826,4658,7890,7890,1.16,0,,,,,,,0.0,0.0641406700015068,0.2,-0.08880646377801896,3.452102381729105e-08,0.2633834481239319,2620,0.0,0.1462236762046814,0.0001
,,,,7890,,,-0.26056199999999996,0,263,0.7,1.67,30461,,,,,,,,,,
0.98,-0.030006243954412638,4674,7920,7920,1.12,0,,,,,,,4.074971e-05,0.04275214299559593,0.2,-0.14876189827919006,-6.214807431206281e-05,0.5440034866333008,2630,0.0,0.09238025471568108,0.0001
,,,,7920,,,-0.25423535999999997,0,264,0.71,1.65,30582,,,,,,,,,,
0.86,-0.07367499981075526,4691,7950,7950,1.3,0,,,,,,,4.075567e-05,0.0891260877251625,0.2,-0.08986134603619575,-0.0006474463121654672,0.1899290680885315,2640,0.0,0.20880991518497466,0.0001
,,,,7950,,,-0.25828484,0,265,0.71,1.67,30694,,,,,,,,,,
0.86,-0.07069912731647492,4709,7980,7980,1.28,0,,,,,,,1.1722247e-07,0.07899875193834305,0.2,-0.09446578025817871,2.0854671939352087e-06,0.31543970108032227,2650,0.0,0.17325138598680495,0.0001
,,,,7980,,,-0.28794851,0,266,0.7,1.68,30803,,,,,,,,,,
0.88,-0.13064290598034858,4726,8010,8010,1.3,0,,,,,,,0.0,0.10230398178100586,0.2,-0.09628613591194153,-3.0167401014580262e-06,0.3144460916519165,2660,0.0,0.2309710741043091,0.0001
,,,,8010,,,-0.27210843000000007,0,267,0.72,1.65,30925,,,,,,,,,,
0.96,-0.0478382814116776,4748,8040,8040,1.1,0,,,,,,,0.00039408603,0.12095914036035538,0.2,-0.09289693087339401,-0.004093807523022264,0.12570255994796753,2670,0.0,0.2757294952869415,0.0001
,,,,8040,,,-0.2959730099999999,0,268,0.71,1.66,31031,,,,,,,,,,
0.9,-0.0510522777820006,4767,8070,8070,1.28,0,,,,,,,3.616015e-07,0.09285182505846024,0.2,-0.08597074747085572,8.914371401935739e-07,0.17690449953079224,2680,0.0,0.2381124436855316,0.0001
,,,,8070,,,-0.26609861,0,269,0.73,1.63,31145,,,,,,,,,,
0.9,-0.050192088251933456,4784,8100,8100,1.28,0,,,,,,,0.00042087832,0.08997759222984314,0.2,-0.0807838723063469,-0.002910833954811132,0.06151378154754639,2690,0.0,0.20170912891626358,0.0001
,,,,8100,,,-0.22712985000000002,0,270,0.74,1.61,31255,,,,,,,,,,
0.9,-0.10964772248174995,4801,8130,8130,1.26,0,,,,,,,0.00041200517,0.0753488838672638,0.2,-0.1374751940369606,-0.0026864647791384755,0.016934871673583984,2700,0.0,0.176678766310215,0.0001
,,,,8130,,,-0.20373567999999995,0,271,0.74,1.62,31364,,,,,,,,,,
0.94,-0.07130593072157353,4819,8160,8160,1.18,0,,,,,,,0.00021439194,0.07271802425384521,0.2,-0.07567644119262695,-0.0017315250748166865,0.1010238528251648,2710,0.0,0.16791020035743714,0.0001
,,,,8160,,,-0.17670434000000002,0,272,0.75,1.62,31466,,,,,,,,,,
0.96,-0.028846345311030745,4836,8190,8190,1.2,0,,,,,,,1.1920929e-07,0.06389414519071579,0.2,-0.07152564376592636,-1.144756870985475e-06,0.2891717553138733,2720,0.0,0.13844456374645234,0.0001
,,,,8190,,,-0.22079028999999997,0,273,0.73,1.67,31570,,,,,,,,,,
0.9,-0.09099717868957669,4855,8220,8220,1.32,0,,,,,,,0.0,0.06559073179960251,0.2,-0.06934399455785752,-1.9431114015588946e-07,0.439495325088501,2730,0.0,0.14766760021448136,0.0001
,,,,8220,,,-0.23976356,0,274,0.72,1.69,31684,,,,,,,,,,
0.94,-0.06971250586677342,4873,8250,8250,1.18,0,,,,,,,3.6899248e-05,0.0824122354388237,0.2,-0.12403251826763154,-0.0005082821847403274,0.06613200902938843,2740,0.0,0.1920504942536354,0.0001
,,,,8250,,,-0.25271962000000003,0,275,0.71,1.7,31787,,,,,,,,,,
0.9,-0.09575730426236988,4887,8280,8280,1.24,0,,,,,,,0.00012523333,0.08909577876329422,0.2,-0.06768126636743546,-0.001987813351006551,0.24968087673187256,2750,0.0,0.2084457978606224,0.0001
,,,,8280,,,-0.3020437900000001,0,276,0.7,1.72,31901,,,,,,,,,,
0.92,-0.06909542522393167,4907,8310,8310,1.2,0,,,,,,,2.2252401e-07,0.10711327195167542,0.2,-0.06712111309170724,-5.275328906781951e-05,0.2125403881072998,2760,0.0,0.23530692458152772,0.0001
,,,,8310,,,-0.31135423999999995,0,277,0.68,1.73,32016,,,,,,,,,,
0.9,-0.07262443555984646,4927,8340,8340,1.3,0,,,,,,,0.0,0.08657946437597275,0.2,-0.06160463504493237,-4.576643384268664e-07,-0.04980635643005371,2770,0.0,0.19470304548740386,0.0001
,,,,8340,,,-0.27694008,0,278,0.7,1.67,32135,,,,,,,,,,
0.94,-0.06839750831481069,4943,8370,8370,1.2,0,,,,,,,0.0,0.028938401490449905,0.2,-0.060827850550413134,-2.2053719184178533e-08,0.5623765587806702,2780,0.0,0.09337596632540227,0.0001
,,,,8370,,,-0.24212359000000003,0,279,0.69,1.68,32247,,,,,,,,,,
0.82,-0.152327645085752,4957,8400,8400,1.4,0,,,,,,,4.3710074e-08,0.09045147895812988,0.2,-0.06408855319023132,-5.898028611461825e-06,-0.37158405780792236,2790,0.0,0.1957978919148445,0.0001
,,,,8400,,,-0.28680618999999996,0,280,0.64,1.77,32367,,,,,,,,,,
0.9,-0.05154960138257593,4976,8430,8430,1.2,0,,,,,,,0.0,0.19220660626888275,0.2,-0.06067851521074772,-2.0225842858323518e-07,-0.0012050867080688477,2800,0.0,0.48590363562107086,0.0001
,,,,8430,,,-0.27671575000000004,0,281,0.66,1.75,32482,,,,,,,,,,
0.98,-0.027194721158593893,4995,8460,8460,1.08,0,,,,,,,0.0,0.07168662548065186,0.2,-0.060708383470773696,-8.940697115988883e-09,0.4156506061553955,2810,0.0,0.15234426259994507,0.0001
,,,,8460,,,-0.22668273000000003,0,282,0.68,1.7,32588,,,,,,,,,,
0.92,-0.069063975722529,5017,8490,8490,1.24,0,,,,,,,0.0,0.05165163055062294,0.2,-0.061229342222213747,-3.854433803240909e-08,0.2831432819366455,2820,0.0,0.11265368908643722,0.0001
,,,,8490,,,-0.20968841000000002,0,283,0.71,1.65,32718,,,,,,,,,,
0.88,-0.10999262834433467,5030,8520,8520,1.26,0,,,,,,,0.0,0.06514434516429901,0.2,-0.06066411770880222,2.5083622734456413e-09,0.08406692743301392,2830,0.0,0.13857499361038209,0.0001
,,,,8520,,,-0.26728671,0,284,0.66,1.77,32830,,,,,,,,,,
0.88,-0.10957321195863187,5051,8550,8550,1.28,0,,,,,,,0.0,0.1323978155851364,0.2,-0.0613757599145174,-1.1020899064462242e-06,0.1342015266418457,2840,0.0,0.31267367005348207,0.0001
,,,,8550,,,-0.22024733999999999,0,285,0.75,1.61,32943,,,,,,,,,,
0.88,-0.07249360001180322,5068,8580,8580,1.3,0,,,,,,,0.0,0.09418663382530212,0.2,-0.06113561131060123,-3.375609748168529e-07,0.045230984687805176,2850,0.0,0.19576456546783447,0.0001
,,,,8580,,,-0.25078146,0,286,0.73,1.63,33058,,,,,,,,,,
0.94,-0.06870637963525951,5085,8610,8610,1.18,0,,,,,,,0.0,0.05693391337990761,0.2,-0.06089295893907547,-4.0526191769085784e-07,0.41265684366226196,2860,0.0,0.12871234565973283,0.0001
,,,,8610,,,-0.28042800999999995,0,287,0.72,1.64,33174,,,,,,,,,,
0.94,-0.06810183306690305,5104,8640,8640,1.16,0,,,,,,,0.00029961864,0.07162410765886307,0.2,-0.0630799412727356,-0.00295326928171562,0.32962799072265625,2870,0.0,0.16780498772859573,0.0001
,,,,8640,,,-0.30424181000000006,0,288,0.72,1.66,33293,,,,,,,,,,
0.88,-0.11071769399102777,5128,8670,8670,1.28,0,,,,,,,1.7881393e-07,0.08801410347223282,0.2,-0.06643924191594124,-2.012153481700807e-06,0.23278063535690308,2880,0.0,0.19275849908590317,0.0001
,,,,8670,,,-0.23839513000000004,0,289,0.77,1.54,33408,,,,,,,,,,
0.86,-0.13291091134771704,5149,8700,8700,1.34,0,,,,,,,0.006741039,0.03813109174370766,0.2,-0.07291898801922798,-0.0018788927110531262,0.1773863434791565,2890,0.01666666753590107,0.11136132925748825,0.0001
,,,,8700,,,-0.23986259000000001,0,290,0.77,1.53,33528,,,,,,,,,,
0.9,-0.09029564424417913,5166,8730,8730,1.28,0,,,,,,,0.00013109445,0.042396824806928635,0.2,-0.08242762684822083,-0.000639083783219796,0.5311273336410522,2900,0.0,0.10084926933050156,0.0001
,,,,8730,,,-0.22827528,0,291,0.78,1.52,33640,,,,,,,,,,
0.9,-0.09062960571609438,5180,8760,8760,1.26,0,,,,,,,7.5499216e-08,0.10156804323196411,0.2,-0.07563598230481147,-9.422898251543188e-06,0.19720405340194702,2910,0.0,0.2572933450341225,0.0001
,,,,8760,,,-0.26356199,0,292,0.74,1.6,33750,,,,,,,,,,
0.9,-0.05319566492922604,5197,8790,8790,1.22,0,,,,,,,0.0,0.08840981125831604,0.2,-0.075983876734972,2.6643276420657e-07,0.1749231219291687,2920,0.0,0.1950582057237625,0.0001
,,,,8790,,,-0.27236598,0,293,0.72,1.63,33887,,,,,,,,,,
0.86,-0.09273714727256448,5220,8820,8820,1.4,0,,,,,,,0.0,0.10608343034982681,0.2,-0.07660300582647324,2.2113323066008662e-07,0.17431855201721191,2930,0.0,0.23123173862695695,0.0001
,,,,8820,,,-0.23730942999999996,0,294,0.76,1.57,34006,,,,,,,,,,
0.94,-0.06896600702311843,5239,8850,8850,1.16,0,,,,,,,0.0,0.047640617936849594,0.2,-0.07679297775030136,3.233552003933937e-08,0.3244091272354126,2940,0.0,0.14012803435325621,0.0001
,,,,8850,,,-0.27090095999999997,0,295,0.73,1.63,34112,,,,,,,,,,
0.88,-0.09067354083061219,5259,8880,8880,1.32,0,,,,,,,0.0,0.07955964654684067,0.2,-0.07764571607112884,-2.7753909470185077e-06,0.23116910457611084,2950,0.0,0.17299301773309708,0.0001
,,,,8880,,,-0.24194123999999997,0,296,0.75,1.63,34223,,,,,,,,,,
0.88,-0.08985224273521453,5278,8910,8910,1.26,0,,,,,,,0.0,0.05234869197010994,0.2,-0.07724293619394303,1.9967557474132037e-08,0.09049779176712036,2960,0.0,0.1174971304833889,0.0001
,,,,8910,,,-0.18966061,0,297,0.8,1.53,34331,,,,,,,,,,
0.88,-0.11235100299119949,5297,8940,8940,1.28,0,,,,,,,0.0,0.06636916846036911,0.2,-0.07693904340267181,-2.3206075070447695e-07,0.4374973773956299,2970,0.0,0.1443112388253212,0.0001
,,,,8940,,,-0.18877277000000006,0,298,0.81,1.5,34450,,,,,,,,,,
0.96,-0.0287418906763196,5317,8970,8970,1.18,0,,,,,,,4.3213367e-05,0.08156101405620575,0.2,-0.07768066227436066,-0.0007109294860857318,0.302523672580719,2980,0.0,0.2039753496646881,0.0001
,,,,8970,,,-0.22376516,0,299,0.78,1.55,34556,,,,,,,,,,
0.92,-0.06967085215263069,5338,9000,9000,1.2,0,,,,,,,1.9868216e-08,0.11485391855239868,0.2,-0.0742240734398365,-1.1746088572905933e-06,-0.12812435626983643,2990,0.0,0.24628371596336365,0.0001
,,,,9000,,,-0.19033492,0,300,0.79,1.53,34665,,,,,,,,,,
0.86,-0.13345224592834712,5353,9030,9030,1.32,0,,,,,,,0.0,0.06996700167655945,0.2,-0.07222950905561447,8.838375400443965e-07,0.22219902276992798,3000,0.0,0.18545205593109132,0.0001
,,,,9030,,,-0.22309491,0,301,0.75,1.6,34792,,,,,,,,,,
0.84,-0.07530030353926122,5373,9060,9060,1.36,0,,,,,,,0.0,0.07549498230218887,0.2,-0.07292169928550721,-3.2017628024405555e-07,0.3379644751548767,3010,0.0,0.15925129503011703,0.0001
,,,,9060,,,-0.23201500999999997,0,302,0.73,1.63,34906,,,,,,,,,,
0.9,-0.09033262369222939,5395,9090,9090,1.2,0,,,,,,,0.00011626482,0.07608626037836075,0.2,-0.09384586438536643,-9.785006358162818e-05,0.0050467848777771,3020,0.0,0.16974252909421922,0.0001
,,,,9090,,,-0.15609024,0,303,0.8,1.51,35032,,,,,,,,,,
0.96,-0.02807279450353235,5411,9120,9120,1.12,0,,,,,,,0.0,0.020979952067136765,0.2,-0.0724870353937149,3.64184375367671e-07,0.5909063816070557,3030,0.0,0.04906301610171795,0.0001
,,,,9120,,,-0.16989848,0,304,0.79,1.56,35137,,,,,,,,,,
0.92,-0.054368349406868216,5433,9150,9150,1.18,0,,,,,,,0.0,0.07852589339017868,0.2,-0.07139909192919731,1.3659397701815124e-07,0.35179662704467773,3040,0.0,0.17621434032917022,0.0001
,,,,9150,,,-0.19207687999999998,0,305,0.79,1.55,35239,,,,,,,,,,
0.82,-0.13096629604231566,5454,9180,9180,1.38,0,,,,,,,0.0034425477,0.047724027186632156,0.2,-0.13082120418548585,-0.0025805905698022434,0.4168933033943176,3050,0.010000000521540642,0.12054645791649818,0.0001
,,,,9180,,,-0.16931539,0,306,0.82,1.48,35366,,,,,,,,,,
0.92,-0.028608743492513897,5477,9210,9210,1.16,0,,,,,,,8.760293e-05,0.06263763457536697,0.2,-0.08037645295262337,-0.0005438656646098216,0.3493228554725647,3060,0.0,0.14206336587667465,0.0001
,,,,9210,,,-0.15800633,0,307,0.83,1.45,35476,,,,,,,,,,
0.88,-0.0906391298212111,5500,9240,9240,1.3,0,,,,,,,4.092852e-06,0.046295613050460815,0.2,-0.1258784130215645,-0.0001140389818221621,-0.19758105278015137,3070,0.0,0.12806362882256508,0.0001
,,,,9240,,,-0.12266906999999998,0,308,0.86,1.38,35597,,,,,,,,,,
0.9,-0.07588247415609657,5519,9270,9270,1.22,0,,,,,,,0.0,0.04907166212797165,0.2,-0.06780962273478508,-1.1782099725632377e-06,-0.06784653663635254,3080,0.0,0.10524077787995338,0.0001
,,,,9270,,,-0.13128277,0,309,0.84,1.39,35705,,,,,,,,,,
0.98,-0.02806618777103722,5535,9300,9300,1.12,0,,,,,,,8.578698e-05,0.07211882621049881,0.2,-0.08517332151532173,-0.0003959834585838706,0.2983626127243042,3090,0.0,0.1747269421815872,0.0001
,,,,9300,,,-0.17452673999999996,0,310,0.8,1.46,35805,,,,,,,,,,
0.94,-0.071414340948686,5551,9330,9330,1.18,0,,,,,,,0.00011227131,0.10778295248746872,0.2,-0.12256400212645531,-0.0015612023319896196,0.1054413914680481,3100,0.0,0.2879940703511238,0.0001
,,,,9330,,,-0.19439547000000001,0,311,0.78,1.51,35910,,,,,,,,,,
0.88,-0.11090389949269593,5570,9360,9360,1.28,0,,,,,,,0.0,0.09096716344356537,0.2,-0.06539475694298744,3.622968925753867e-07,0.27517080307006836,3110,0.0,0.1923465386033058,0.0001
,,,,9360,,,-0.24059360000000002,0,312,0.75,1.56,36026,,,,,,,,,,
0.92,-0.008587941555306315,5590,9390,9390,1.18,0,,,,,,,0.07009211,0.06544119864702225,0.2,-0.10231359601020813,-0.010239153870691808,0.2885679006576538,3120,0.030000001564621924,0.17166962325572968,0.0001
,,,,9390,,,-0.30586072999999997,0,313,0.69,1.66,36139,,,,,,,,,,
0.92,-0.05006101106759161,5606,9420,9420,1.3,0,,,,,,,0.00037346085,0.05909964069724083,0.2,-0.06347383670508862,-0.0034998282852273022,0.4268380403518677,3130,0.0,0.15068280398845674,0.0001
,,,,9420,,,-0.34050617000000005,0,314,0.66,1.72,36250,,,,,,,,,,
0.9,-0.06905437307432294,5627,9450,9450,1.26,0,,,,,,,1.1920929e-07,0.07431400567293167,0.2,-0.058825386315584184,-1.3182560536506572e-07,0.3816481828689575,3140,0.0,0.16327774673700332,0.0001
,,,,9450,,,-0.29461497999999997,0,315,0.71,1.63,36363,,,,,,,,,,
0.86,-0.09500459431204945,5648,9480,9480,1.32,0,,,,,,,0.0,0.10056637972593307,0.2,-0.0566652674227953,-2.563993134252485e-07,0.00338667631149292,3150,0.0,0.22603252977132798,0.0001
,,,,9480,,,-0.23389171999999994,0,316,0.76,1.56,36476,,,,,,,,,,
0.84,-0.11196721856482326,5667,9510,9510,1.42,0,,,,,,,0.0,0.060463130474090576,0.2,-0.055913322046399115,-1.5258789254346539e-07,-0.5550105571746826,3160,0.0,0.15394465178251265,0.0001
,,,,9510,,,-0.22848734999999998,0,317,0.76,1.55,36589,,,,,,,,,,
0.96,-0.028531371280550957,5687,9540,9540,1.16,0,,,,,,,6.4929327e-06,0.13470087945461273,0.2,-0.05549766533076763,-9.083280791557513e-05,0.3324013948440552,3170,0.0,0.27842293977737426,0.0001
,,,,9540,,,-0.19084255,0,318,0.77,1.53,36699,,,,,,,,,,
0.94,-0.04764345843344927,5707,9570,9570,1.16,0,,,,,,,0.0,0.06700044870376587,0.2,-0.0551654327660799,-3.3378601571598664e-08,0.3510856032371521,3180,0.0,0.14470958560705185,0.0001
,,,,9570,,,-0.18964237999999997,0,319,0.78,1.49,36799,,,,,,,,,,
0.8,-0.15272830217611044,5726,9600,9600,1.42,0,,,,,,,0.0,0.08558279275894165,0.2,-0.0548259761184454,7.94728611808182e-09,0.3996998071670532,3190,0.0,0.20396339446306228,0.0001
,,,,9600,,,-0.17290606999999997,0,320,0.79,1.52,36911,,,,,,,,,,
0.96,-0.0296028172923252,5745,9630,9630,1.16,0,,,,,,,6.723404e-06,0.07496626675128937,0.2,-0.054557324200868604,-0.00013969997554035273,0.0053598880767822266,3200,0.0,0.16086960583925247,0.0001
,,,,9630,,,-0.19494635999999996,0,321,0.78,1.53,37014,,,,,,,,,,
0.84,-0.1507268771249801,5765,9660,9660,1.36,0,,,,,,,4.9233436e-06,0.05297615006566048,0.2,-0.05423271097242832,-1.2657642425928373e-05,0.41225582361221313,3210,0.0,0.1213439680635929,0.0001
,,,,9660,,,-0.16661067,0,322,0.79,1.52,37142,,,,,,,,,,
0.88,-0.09024088760372251,5779,9690,9690,1.3,0,,,,,,,0.0,0.06907560676336288,0.2,-0.05407799482345581,4.96705368169259e-08,0.03678196668624878,3220,0.0,0.15192942917346955,0.0001
,,,,9690,,,-0.20289024,0,323,0.76,1.6,37256,,,,,,,,,,
0.88,-0.07101772971451283,5798,9720,9720,1.26,0,,,,,,,0.0,0.07901213318109512,0.2,-0.05422287434339523,2.5629997324472244e-08,0.15590745210647583,3230,0.0,0.1772589847445488,0.0001
,,,,9720,,,-0.20361353999999998,0,324,0.75,1.65,37365,,,,,,,,,,
0.9,-0.11021375375334173,5812,9750,9750,1.24,0,,,,,,,0.0,0.07229968905448914,0.2,-0.054252903908491135,6.953875475446125e-09,0.31529688835144043,3240,0.0,0.15605610013008117,0.0001
,,,,9750,,,-0.21148089999999997,0,325,0.72,1.72,37471,,,,,,,,,,
0.94,-0.06858552574645728,5827,9780,9780,1.16,0,,,,,,,5.4808457e-05,0.14218385517597198,0.2,-0.054642378911376,-0.0003306885602069265,-0.4758709669113159,3250,0.0,0.3186951369047165,0.0001
,,,,9780,,,-0.25249911999999997,0,326,0.68,1.79,37585,,,,,,,,,,
0.92,-0.07135636246297508,5845,9810,9810,1.18,0,,,,,,,0.00022797783,0.08147560805082321,0.2,-0.055371686816215515,-0.0013825748794261017,0.27604353427886963,3260,0.0,0.17780751883983612,0.0001
,,,,9810,,,-0.26473582,0,327,0.68,1.82,37683,,,,,,,,,,
0.88,-0.07127797077409923,5863,9840,9840,1.32,0,,,,,,,1.1920929e-07,0.0858171135187149,0.2,-0.05229160264134407,-1.5238920774152121e-07,0.21707582473754883,3270,0.0,0.1901590958237648,0.0001
,,,,9840,,,-0.2858287,0,328,0.66,1.85,37799,,,,,,,,,,
0.9,-0.11022037582006305,5882,9870,9870,1.24,0,,,,,,,0.0,0.06702964007854462,0.2,-0.05058174058794975,-7.232030370118992e-08,0.29374903440475464,3280,0.0,0.14204094260931016,0.0001
,,,,9870,,,-0.2485779,0,329,0.73,1.74,37902,,,,,,,,,,
0.92,-0.0678298413567245,5899,9900,9900,1.16,0,,,,,,,0.0,0.05812421068549156,0.2,-0.05016079396009445,-9.934107314535368e-10,0.1567908525466919,3290,0.0,0.12826038524508476,0.0001
,,,,9900,,,-0.25751673999999997,0,330,0.72,1.77,38008,,,,,,,,,,
0.98,-0.028061023075133563,5919,9930,9930,1.14,0,,,,,,,0.0,0.10356874018907547,0.2,-0.04987362250685692,1.0530154082033505e-08,0.2795676589012146,3300,0.0,0.22946191132068633,0.0001
,,,,9930,,,-0.24591069000000002,0,331,0.73,1.7,38109,,,,,,,,,,
0.94,-0.04931668769568205,5937,9960,9960,1.18,0,,,,,,,0.00253161,0.07718972861766815,0.2,-0.0763727992773056,-0.0003356927607820026,0.19278407096862793,3310,0.006666667014360428,0.16889193058013915,0.0001
,,,,9960,,,-0.22319977999999996,0,332,0.76,1.65,38217,,,,,,,,,,
0.86,-0.10950271375477313,5955,9990,9990,1.3,0,,,,,,,0.0,0.08074651658535004,0.2,-0.04972294420003891,3.246466278916671e-07,0.31836700439453125,3320,0.0,0.17644180357456207,0.0001
,,,,9990,,,-0.23446990999999998,0,333,0.75,1.64,38329,,,,,,,,,,
0.98,-0.02710620584897697,5976,10020,10020,1.08,0,,,,,,,0.0001439929,0.11109602451324463,0.2,-0.04974108524620533,-0.002071227304113421,0.05500781536102295,3330,0.0,0.2540272235870361,0.0001
,,,,10020,,,-0.22356501,0,334,0.76,1.59,38428,,,,,,,,,,
0.94,-0.06799760894849896,5993,10050,10050,1.14,0,,,,,,,0.0005328,0.0862966850399971,0.2,-0.053753838315606116,-0.0034216994477660025,0.07196146249771118,3340,0.0,0.2124759942293167,0.0001
,,,,10050,,,-0.25624911999999994,0,335,0.73,1.6,38530,,,,,,,,,,
0.92,-0.06946373569313437,6011,10080,10080,1.18,0,,,,,,,1.2119611e-07,0.07227092236280441,0.2,-0.05216890424489975,1.639127711783317e-07,0.32109034061431885,3350,0.0,0.15744948834180833,0.0001
,,,,10080,,,-0.24260690999999998,0,336,0.72,1.64,38631,,,,,,,,,,
0.88,-0.10977098322007806,6032,10110,10110,1.28,0,,,,,,,0.0,0.06959044188261032,0.2,-0.054711614921689036,4.788239755804114e-08,0.16472619771957397,3360,0.0,0.15259364396333694,0.0001
,,,,10110,,,-0.23140479,0,337,0.75,1.57,38738,,,,,,,,,,
0.9,-0.11041859297081828,6053,10140,10140,1.26,0,,,,,,,0.0,0.0965055301785469,0.2,-0.055524079129099846,2.4437904633245467e-08,0.28588664531707764,3370,0.0,0.20828016847372055,0.0001
,,,,10140,,,-0.21911691,0,338,0.76,1.56,38843,,,,,,,,,,
0.96,-0.027923238994553685,6068,10170,10170,1.14,0,,,,,,,0.0,0.061102401465177536,0.2,-0.05591654665768146,-2.443790436679194e-08,0.3301917314529419,3380,0.0,0.13103598579764367,0.0001
,,,,10170,,,-0.25491401,0,339,0.74,1.59,38944,,,,,,,,,,
0.86,-0.13130795446690172,6085,10200,10200,1.32,0,,,,,,,0.069340535,0.14414642751216888,0.2,-0.11584645807743073,-0.01506620287274325,-0.17470431327819824,3390,0.026666668057441712,0.3579250395298004,0.0001
,,,,10200,,,-0.26775763999999996,0,340,0.71,1.65,39067,,,,,,,,,,
0.84,-0.17250692246481777,6106,10230,10230,1.32,0,,,,,,,0.0,0.11586270481348038,0.2,-0.05628824532032013,6.934007101833117e-08,0.04990965127944946,3400,0.0,0.24588268697261811,0.0001
,,,,10230,,,-0.24655126,0,341,0.74,1.59,39185,,,,,,,,,,
0.92,-0.0898917187936604,6123,10260,10260,1.22,0,,,,,,,0.0,0.10356124490499496,0.2,-0.05627216063439846,-1.9550323369088573e-07,-0.03866314888000488,3410,0.0,0.22565205097198487,0.0001
,,,,10260,,,-0.26378649,0,342,0.72,1.63,39292,,,,,,,,,,
0.94,-0.06857792038936168,6144,10290,10290,1.14,0,,,,,,,4.695654e-05,0.07694093883037567,0.2,-0.05680134557187557,-0.00023383130919683027,0.29324841499328613,3420,0.0,0.1677757740020752,0.0001
,,,,10290,,,-0.27496497000000003,0,343,0.72,1.63,39403,,,,,,,,,,
0.82,-0.17217869088985027,6161,10320,10320,1.42,0,,,,,,,0.0003658553,0.07398960739374161,0.2,-0.056759648770093915,-0.003724549163404589,0.26666224002838135,3430,0.0,0.18496123403310777,0.0001
,,,,10320,,,-0.28384402000000003,0,344,0.7,1.67,39537,,,,,,,,,,
0.92,-0.07366221972741187,6181,10350,10350,1.22,0,,,,,,,1.1920929e-07,0.07660063356161118,0.2,-0.05147174037992954,4.73459562577716e-07,0.3268076181411743,3440,0.0,0.16399288326501846,0.0001
,,,,10350,,,-0.24319497,0,345,0.75,1.59,39659,,,,,,,,,,
0.84,-0.15536256259772926,6198,10380,10380,1.34,0,,,,,,,0.0,0.08497696369886398,0.2,-0.049851049482822415,6.441275237634159e-07,0.30558592081069946,3450,0.0,0.1899987205862999,0.0001
,,,,10380,,,-0.28009569,0,346,0.71,1.63,39770,,,,,,,,,,
0.94,-0.0481206399621442,6218,10410,10410,1.14,0,,,,,,,0.00031980276,0.06471513956785202,0.2,-0.15792862474918365,-0.006368120263407917,0.0063898563385009766,3460,0.0,0.232313871383667,0.0001
,,,,10410,,,-0.25918911,0,347,0.74,1.6,39873,,,,,,,,,,
0.9,-0.049228719361126425,6233,10440,10440,1.24,0,,,,,,,0.0,0.06257032603025436,0.2,-0.04708199203014374,2.3961067130429115e-07,0.3794218897819519,3470,0.0,0.13893954455852509,0.0001
,,,,10440,,,-0.24098075999999996,0,348,0.74,1.61,39982,,,,,,,,,,
0.92,-0.04941341176163405,6252,10470,10470,1.22,0,,,,,,,0.0,0.07329382002353668,0.2,-0.04651088044047356,-2.8312206712399755e-08,0.3735663890838623,3480,0.0,0.1563938707113266,0.0001
,,,,10470,,,-0.27826542,0,349,0.7,1.68,40097,,,,,,,,,,
0.82,-0.1513859230838716,6269,10500,10500,1.38,0,,,,,,,0.0031249681,0.07243997603654861,0.2,-0.06963274665176869,-0.0032866710308006473,0.39064890146255493,3490,0.023333334550261497,0.17612693160772325,0.0001
,,,,10500,,,-0.26744088,0,350,0.72,1.67,40212,,,,,,,,,,
0.92,-0.0896460366435349,6289,10530,10530,1.22,0,,,,,,,0.00030242404,0.15928983688354492,0.2,-0.045242318883538246,-0.004485347935503014,-0.5743032693862915,3500,0.0,0.3548897236585617,0.0001
,,,,10530,,,-0.25551532,0,351,0.73,1.67,40325,,,,,,,,,,
0.92,-0.06886220613494515,6306,10560,10560,1.2,0,,,,,,,1.1920929e-07,0.08571641147136688,0.2,-0.04174696393311024,-5.6823095873070885e-08,0.2593645453453064,3510,0.0,0.18642255365848542,0.0001
,,,,10560,,,-0.27375863,0,352,0.71,1.7,40431,,,,,,,,,,
0.84,-0.1330925411824137,6324,10590,10590,1.34,0,,,,,,,0.0,0.0656360313296318,0.2,-0.040266719087958334,-4.231929882081431e-08,0.45064473152160645,3520,0.0,0.1435804322361946,0.0001
,,,,10590,,,-0.27493235,0,353,0.72,1.67,40542,,,,,,,,,,
0.92,-0.08937691131606698,6342,10620,10620,1.22,0,,,,,,,0.00016652544,0.10406387597322464,0.2,-0.09510913789272309,-0.0017207437820616178,0.0907711386680603,3530,0.0,0.2342953309416771,0.0001
,,,,10620,,,-0.26428153,0,354,0.74,1.63,40654,,,,,,,,,,
0.98,-0.007713032299652696,6361,10650,10650,1.12,0,,,,,,,0.0,0.09538742899894714,0.2,-0.0391474511474371,-1.4503797429732402e-08,0.17651522159576416,3540,0.0,0.20165659189224244,0.0001
,,,,10650,,,-0.26295885999999996,0,355,0.72,1.65,40753,,,,,,,,,,
0.84,-0.13355063639115541,6379,10680,10680,1.36,0,,,,,,,0.0,0.07898865640163422,0.2,-0.03911893181502819,-4.3908755542609866e-08,0.22701632976531982,3550,0.0,0.17456394731998442,0.0001
,,,,10680,,,-0.26976374,0,356,0.7,1.65,40874,,,,,,,,,,
0.96,-0.04784695744048804,6397,10710,10710,1.12,0,,,,,,,0.00057457684,0.08166982233524323,0.2,-0.038365866616368295,-0.003347592771945873,0.12492311000823975,3560,0.0,0.19344250112771988,0.0001
,,,,10710,,,-0.26224091,0,357,0.7,1.67,40977,,,,,,,,,,
0.94,-0.06878314525820314,6417,10740,10740,1.16,0,,,,,,,0.000100859004,0.06779226660728455,0.2,-0.036003706604242326,-0.0006438261324365868,0.273891806602478,3570,0.0,0.14977455884218216,0.0001
,,,,10740,,,-0.22360248,0,358,0.73,1.63,41084,,,,,,,,,,
0.96,-0.04830801398493349,6437,10770,10770,1.14,0,,,,,,,0.0,0.054386261850595474,0.2,-0.03770830594003201,1.6639629976111792e-07,0.5292887091636658,3580,0.0,0.12559926584362985,0.0001
,,,,10770,,,-0.22560434000000004,0,359,0.75,1.58,41183,,,,,,,,,,
0.84,-0.1311635022237897,6459,10800,10800,1.38,0,,,,,,,0.000475953,0.08835144340991974,0.2,-0.03791197799146175,-0.0041857765677075776,0.26090186834335327,3590,0.0,0.20348156988620758,0.0001
,,,,10800,,,-0.20328586999999998,0,360,0.77,1.55,41300,,,,,,,,,,
0.92,-0.04833718090318143,6476,10830,10830,1.2,0,,,,,,,0.0,0.08733729273080826,0.2,-0.03504376336932182,7.234017008972415e-07,0.04667794704437256,3600,0.0,0.20202073007822036,0.0001
,,,,10830,,,-0.21405867999999995,0,361,0.77,1.54,41408,,,,,,,,,,
0.92,-0.06879543694201856,6494,10860,10860,1.22,0,,,,,,,0.0,0.08023326098918915,0.2,-0.033882491290569305,-4.1743119520987194e-07,0.25513017177581787,3610,0.0,0.17244098335504532,0.0001
,,,,10860,,,-0.22200766000000002,0,362,0.77,1.55,41511,,,,,,,,,,
0.92,-0.04935978826135397,6507,10890,10890,1.18,0,,,,,,,0.0,0.09452906996011734,0.2,-0.03317846804857254,-3.914038397834218e-08,0.14032834768295288,3620,0.0,0.20202120244503022,0.0001
,,,,10890,,,-0.28342835999999993,0,363,0.72,1.66,41616,,,,,,,,,,
0.9,-0.11275771977379918,6529,10920,10920,1.24,0,,,,,,,0.0,0.1298462599515915,0.2,-0.03331911489367485,-5.344549854235936e-07,-0.10963785648345947,3630,0.0,0.2831113934516907,0.0001
,,,,10920,,,-0.23332684,0,364,0.76,1.59,41733,,,,,,,,,,
0.88,-0.09050508567132055,6550,10950,10950,1.32,0,,,,,,,0.0,0.10045582056045532,0.2,-0.03294785059988499,1.9570191511775193e-08,0.10295760631561279,3640,0.0,0.21721765547990798,0.0001
,,,,10950,,,-0.24292545000000004,0,365,0.75,1.61,41847,,,,,,,,,,
0.92,-0.07030042011290788,6570,10980,10980,1.26,0,,,,,,,0.0,0.08553723245859146,0.2,-0.034868670254945756,-3.24447950372786e-07,0.05711644887924194,3650,0.0,0.1874978944659233,0.0001
,,,,10980,,,-0.26753753,0,366,0.73,1.65,41963,,,,,,,,,,
0.84,-0.11260299952235073,6585,11010,11010,1.38,0,,,,,,,0.0,0.07647509127855301,0.2,-0.03291027434170246,1.5298526001572554e-08,0.3788195252418518,3660,0.0,0.1659093052148819,0.0001
,,,,11010,,,-0.25154566,0,367,0.75,1.62,42083,,,,,,,,,,
0.94,-0.052595926336944106,6604,11040,11040,1.2,0,,,,,,,0.0,0.0975901335477829,0.2,-0.03286823034286499,3.616015153973251e-08,0.17021197080612183,3670,0.0,0.20447971820831298,0.0001
,,,,11040,,,-0.26987107,0,368,0.74,1.59,42191,,,,,,,,,,
0.92,-0.05015305798966438,6623,11070,11070,1.2,0,,,,,,,0.0,0.0613752081990242,0.2,-0.03285712823271751,2.9305617865738043e-08,0.4564993381500244,3680,0.0,0.13444448858499528,0.0001
,,,,11070,,,-0.23319048999999997,0,369,0.75,1.57,42306,,,,,,,,,,
0.92,-0.05110201653558761,6643,11100,11100,1.24,0,,,,,,,6.26723e-05,0.11612661182880402,0.2,-0.14056331664323807,-0.0030731185436405186,-0.8536103963851929,3690,0.0,0.3513349324464798,0.0001
,,,,11100,,,-0.23913108000000008,0,370,0.73,1.6,42429,,,,,,,,,,
0.86,-0.1122354469448328,6664,11130,11130,1.3,0,,,,,,,0.0,0.0752287283539772,0.2,-0.0334854282438755,1.0331471855806739e-08,0.2509518265724182,3700,0.0,0.16721033900976182,0.0001
,,,,11130,,,-0.22524143000000002,0,371,0.74,1.57,42535,,,,,,,,,,
0.96,-0.04784926843829453,6680,11160,11160,1.14,0,,,,,,,0.0,0.07948892563581467,0.2,-0.03389727771282196,-7.753570800961284e-08,-0.010497331619262695,3710,0.0,0.17240133583545686,0.0001
,,,,11160,,,-0.24283813,0,372,0.73,1.61,42636,,,,,,,,,,
0.82,-0.17486896437592805,6700,11190,11190,1.44,0,,,,,,,0.0,0.07205113768577576,0.2,-0.03379260040819645,2.2699435842099546e-08,0.4357995390892029,3720,0.0,0.16706328988075256,0.0001
,,,,11190,,,-0.22476385000000004,0,373,0.75,1.56,42773,,,,,,,,,,
0.88,-0.11194502955768257,6717,11220,11220,1.32,0,,,,,,,0.0,0.07853075861930847,0.2,-0.03384968228638172,-1.6068418728920618e-08,0.3710644245147705,3730,0.0,0.1675374522805214,0.0001
,,,,11220,,,-0.25194707,0,374,0.73,1.61,42887,,,,,,,,,,
0.96,-0.048057758063077924,6740,11250,11250,1.16,0,,,,,,,0.0,0.123905248939991,0.2,-0.033896267786622046,2.682208699589239e-09,-0.05820727348327637,3740,0.0,0.2689228951931,0.0001
,,,,11250,,,-0.22675583,0,375,0.77,1.55,42998,,,,,,,,,,
0.84,-0.09166500329505652,6758,11280,11280,1.36,0,,,,,,,0.0,0.07771164923906326,0.2,-0.03381159789860248,8.021791753076713e-09,0.12339979410171509,3750,0.0,0.17174019068479537,0.0001
,,,,11280,,,-0.23546222999999997,0,376,0.75,1.58,43111,,,,,,,,,,
0.9,-0.10951089149806649,6776,11310,11310,1.22,0,,,,,,,4.9670536e-08,0.08995192497968674,0.2,-0.03560975380241871,-3.350876263841229e-05,0.1660415530204773,3760,0.0,0.19594198614358901,0.0001
,,,,11310,,,-0.21534100000000003,0,377,0.76,1.56,43218,,,,,,,,,,
0.92,-0.05096723404712975,6797,11340,11340,1.18,0,,,,,,,0.0,0.06858590245246887,0.2,-0.033832750841975213,8.722146298545397e-08,0.23517757654190063,3770,0.0,0.14614664167165756,0.0001
,,,,11340,,,-0.20116871999999997,0,378,0.76,1.56,43317,,,,,,,,,,
0.86,-0.15483844122383744,6819,11370,11370,1.32,0,,,,,,,0.0,0.04530484229326248,0.2,-0.03387781493365764,3.7861367996328e-08,0.4299732446670532,3780,0.0,0.10252254009246826,0.0001
,,,,11370,,,-0.15084814000000002,0,379,0.81,1.47,43439,,,,,,,,,,
0.86,-0.13070383697748184,6839,11400,11400,1.34,0,,,,,,,0.0,0.07605847716331482,0.2,-0.03387829251587391,-2.6822090637423913e-08,-0.04539608955383301,3790,0.0,0.1652175024151802,0.0001
,,,,11400,,,-0.17511011000000004,0,380,0.78,1.51,43552,,,,,,,,,,
0.92,-0.04835229726042598,6856,11430,11430,1.18,0,,,,,,,9.117722e-05,0.08999411016702652,0.2,-0.08633955419063569,-0.001205375207549153,0.23916888236999512,3800,0.0,0.2120176374912262,0.0001
,,,,11430,,,-0.15432342,0,381,0.78,1.52,43649,,,,,,,,,,
0.88,-0.0697777541540563,6878,11460,11460,1.28,0,,,,,,,0.0,0.10138643532991409,0.2,-0.032952398806810376,1.4315048897373116e-07,0.3423684239387512,3810,0.0,0.21497141122817992,0.0001
,,,,11460,,,-0.14760171,0,382,0.8,1.46,43757,,,,,,,,,,
0.86,-0.1516122984001413,6897,11490,11490,1.34,0,,,,,,,0.00035392444,0.05747886002063751,0.2,-0.13737767189741135,-0.004103802625225583,0.2178729772567749,3820,0.0,0.1680919721722603,0.0001
,,,,11490,,,-0.17137923,0,383,0.79,1.51,43867,,,,,,,,,,
0.9,-0.07249580407515169,6917,11520,11520,1.28,0,,,,,,,0.0,0.06247277185320854,0.2,-0.03303096257150173,1.986821542843131e-08,0.32954829931259155,3830,0.0,0.13788484111428262,0.0001
,,,,11520,,,-0.18116968000000003,0,384,0.78,1.53,43973,,,,,,,,,,
0.94,-0.07065643314272166,6932,11550,11550,1.18,0,,,,,,,0.0,0.03906378149986267,0.2,-0.03386041298508644,-4.529952981613405e-08,0.3729272484779358,3840,0.0,0.0909385435283184,0.0001
,,,,11550,,,-0.19032199,0,385,0.75,1.59,44078,,,,,,,,,,
0.94,-0.04754210811108351,6952,11580,11580,1.12,0,,,,,,,0.0,0.09335178881883621,0.2,-0.034225575253367425,-1.3137857024503319e-08,0.15989071130752563,3850,0.0,0.21192810833454132,0.0001
,,,,11580,,,-0.19961417000000004,0,386,0.75,1.57,44179,,,,,,,,,,
0.92,-0.048958466448821125,6974,11610,11610,1.2,0,,,,,,,0.0,0.07762065529823303,0.2,-0.034225215762853624,-1.1622905837782582e-08,0.20113062858581543,3860,0.0,0.1650426998734474,0.0001
,,,,11610,,,-0.19450364999999997,0,387,0.76,1.54,44282,,,,,,,,,,
0.94,-0.04943905386608094,6997,11640,11640,1.18,0,,,,,,,2.6162465e-05,0.07352987676858902,0.2,-0.033968834578990935,-0.0002881003375296842,0.35815781354904175,3870,0.0,0.16853027641773224,0.0001
,,,,11640,,,-0.18201327,0,388,0.78,1.5,44384,,,,,,,,,,
0.9,-0.04998898812569678,7018,11670,11670,1.24,0,,,,,,,0.08343973,0.061727333813905716,0.2,-0.09210659489035607,-0.0022615674960738017,0.2361140251159668,3880,0.030000001564621924,0.13843656182289124,0.0001
,,,,11670,,,-0.19569762999999996,0,389,0.78,1.48,44492,,,,,,,,,,
