env/completion_counter,env/current_idx,eval/mean_ep_length,time/total_timesteps,eval/success_rate,env/n_steps,eval/mean_reward,time/iterations,rollout/ep_len_mean,time/time_elapsed,rollout/ep_rew_mean,time/fps,rollout/success_rate,train/entropy_loss,train/loss,train/n_updates,train/clip_fraction,train/value_loss,train/learning_rate,train/approx_kl,train/clip_range,train/explained_variance,train/policy_gradient_loss
0,9,1.58,30,0.88,30,-0.13978697829414158,,,,,,,,,,,,,,,,
,,,30,,,,1,3.5,139,-0.5176268749999999,0,0.625,,,,,,,,,,
0,20,1.22,60,0.96,60,-0.04936209555249661,,,,,,,-1.945093297958374,0.25804898142814636,5,0.0,0.7908093929290771,0.001,0.0023889323,0.2,0.0007405877113342285,-0.015845352324346605
,,,60,,,,2,3.0526315789473686,243,-0.4075685263157894,0,0.6842105263157895,,,,,,,,,,
0,31,1.64,90,0.86,90,-0.16039439116138965,,,,,,,-1.9395068883895874,-0.018521029502153397,10,0.0,0.2438763976097107,0.001,0.0052277585,0.2,-0.7365492582321167,-0.0268117793028555
,,,90,,,,3,3.0,381,-0.38635936666666665,0,0.6666666666666666,,,,,,,,,,
0,41,1.56,120,0.88,120,-0.1473377541359514,,,,,,,-1.9281057596206665,0.002312060445547104,15,0.020000000298023225,0.19844601750373841,0.001,0.007156485,0.2,-0.3054227828979492,-0.020157504025846863
,,,120,,,,4,2.975,515,-0.4454982,0,0.65,,,,,,,,,,
0,51,1.52,150,0.92,150,-0.0992379458853975,,,,,,,-1.9111595153808594,0.1342284381389618,20,0.0,0.37620202302932737,0.001,0.0040709395,0.2,-0.17276978492736816,-0.0068876728120571325
,,,150,,,,5,2.98,639,-0.42507996,0,0.64,,,,,,,,,,
0,64,1.58,180,0.88,180,-0.11476031825877726,,,,,,,-1.9103759288787843,0.07544700056314468,25,0.0,0.4122451663017273,0.001,0.003921876,0.2,-0.013853311538696289,-0.006326972460374236
,,,180,,,,6,2.857142857142857,765,-0.39113047619047625,0,0.6666666666666666,,,,,,,,,,
0,74,1.5,210,0.9,210,-0.11577642331831157,,,,,,,-1.9008897066116333,0.06073570251464844,30,0.0,0.2777134209871292,0.001,0.004321156,0.2,-0.18677783012390137,-0.01836650257309245
,,,210,,,,7,2.8767123287671232,882,-0.4090053698630137,0,0.6575342465753424,,,,,,,,,,
0,81,1.94,240,0.78,240,-0.2040751603106037,,,,,,,-1.8867681741714477,0.05240454524755478,35,0.0,0.2356136828660965,0.001,0.0038044176,0.2,0.1490485668182373,-0.012375950206381247
,,,240,,,,8,2.975,1030,-0.44402705000000003,0,0.625,,,,,,,,,,
0,92,2.18,270,0.74,270,-0.24043068264145404,,,,,,,-1.8836490869522096,-0.02421671524643898,40,0.026666668057441712,0.08977131992578506,0.001,0.011046976,0.2,0.10396254062652588,-0.02673908120642139
,,,270,,,,9,2.923076923076923,1184,-0.4316021318681319,0,0.6373626373626373,,,,,,,,,,
0,101,1.38,300,0.92,300,-0.09161250379867852,,,,,,,-1.8712125778198243,0.03515971451997757,45,0.04666666761040687,0.2502365469932556,0.001,0.010645213,0.2,-0.13021361827850342,-0.026997101667026513
,,,300,,,,10,3.0,1302,-0.43549514,0,0.63,,,,,,,,,,
0,109,1.42,330,0.9,330,-0.09273239861242473,,,,,,,-1.8408543348312378,-0.0050772130489349365,50,0.07333333492279052,0.17841354310512542,0.001,0.014429976,0.2,0.01683521270751953,-0.03451490857948851
,,,330,,,,11,3.0,1414,-0.44509777,0,0.61,,,,,,,,,,
0,124,1.38,360,0.94,360,-0.0514661674015224,,,,,,,-1.7972129583358765,0.04342201352119446,55,0.046666666865348816,0.2623185575008392,0.001,0.0092530465,0.2,-0.2071906328201294,-0.02680024976531641
,,,360,,,,12,2.83,1537,-0.40467787,0,0.66,,,,,,,,,,
0,139,1.36,390,0.92,390,-0.07221003124956042,,,,,,,-1.7840201377868652,0.17618237435817719,60,0.006666667014360428,0.5159399628639221,0.001,0.004818048,0.2,0.20856153964996338,-0.015330711534866736
,,,390,,,,13,2.73,1662,-0.37418834999999995,0,0.68,,,,,,,,,,
0,149,1.16,420,0.96,420,-0.047500647646375,,,,,,,-1.79239342212677,0.06423185765743256,65,0.05333333387970925,0.2279936820268631,0.001,0.012293805,0.2,0.004075169563293457,-0.01970552465568005
,,,420,,,,14,2.79,1770,-0.38445803,0,0.68,,,,,,,,,,
0,165,1.3,450,0.96,450,-0.03409908884204924,,,,,,,-1.7159162759780884,0.13231156766414642,70,0.0,0.45567813515663147,0.001,0.008923765,0.2,-0.1455906629562378,-0.010828660906603105
,,,450,,,,15,2.61,1892,-0.35053344000000003,0,0.72,,,,,,,,,,
0,173,1.38,480,0.94,480,-0.07647339021321387,,,,,,,-1.6041806221008301,0.0759301632642746,75,0.0,0.21005108654499055,0.001,0.0032179772,0.2,-0.1888892650604248,-0.006172797087734949
,,,480,,,,16,2.68,2005,-0.36093912000000006,0,0.71,,,,,,,,,,
0,186,1.68,510,0.9,510,-0.1155496808513999,,,,,,,-1.5388412475585938,0.008763283491134644,80,0.06666666865348816,0.12089568674564362,0.001,0.014504989,0.2,0.4650508761405945,-0.024885187111794948
,,,510,,,,17,2.54,2142,-0.31976276000000003,0,0.75,,,,,,,,,,
0,197,1.22,540,0.96,540,-0.0312854509241879,,,,,,,-1.444736933708191,0.03030078113079071,85,0.06666666716337204,0.24332450926303864,0.001,0.017934045,0.2,-0.1293400526046753,-0.037310019731521746
,,,540,,,,18,2.53,2255,-0.33094728,0,0.75,,,,,,,,,,
0,218,1.34,570,0.94,570,-0.07209315856453032,,,,,,,-1.1797661066055298,0.055759597569704056,90,0.13333333879709244,0.17521394193172454,0.001,0.026782665,0.2,0.18627583980560303,-0.017570788376033163
,,,570,,,,19,2.22,2374,-0.2494555,0,0.82,,,,,,,,,,
0,235,1.34,600,0.94,600,-0.07384633535519242,,,,,,,-1.038426399230957,-0.00250837579369545,95,0.0,0.16745119094848632,0.001,0.0042271535,0.2,-2.933673143386841,-0.01793598016103033
,,,600,,,,20,2.2,2490,-0.24551694000000002,0,0.82,,,,,,,,,,
0,252,1.1,630,1.0,630,-0.007156491777859628,,,,,,,-0.9890920281410217,0.09053170680999756,100,0.0,0.19837000966072083,0.001,0.001179264,0.2,0.23690634965896606,-0.0003824241824140984
,,,630,,,,21,2.07,2609,-0.19571496,0,0.84,,,,,,,,,,
0,263,1.64,660,0.88,660,-0.07517424264922738,,,,,,,-0.9187836170196533,0.056545719504356384,105,0.0,0.14939717948436737,0.001,0.0004695018,0.2,-0.4316059350967407,-0.002187612048958698
,,,660,,,,22,2.17,2734,-0.21220482000000002,0,0.83,,,,,,,,,,
0,275,1.26,690,0.98,690,-0.03010254199616611,,,,,,,-0.9438349723815918,0.08165928721427917,110,0.020000000298023225,0.2522511541843414,0.001,0.005462261,0.2,0.009378612041473389,-0.016493526579191453
,,,690,,,,23,2.05,2850,-0.18477491000000001,0,0.85,,,,,,,,,,
0,288,1.32,720,0.96,720,-0.05207538170274347,,,,,,,-0.8552172780036926,0.07730662822723389,115,0.0,0.1855744332075119,0.001,0.0015104612,0.2,0.17865419387817383,0.0015079431391015418
,,,720,,,,24,2.06,2974,-0.18194613000000004,0,0.85,,,,,,,,,,
0,298,1.52,750,0.9,750,-0.12125523372553289,,,,,,,-0.8790840744972229,0.07954110205173492,120,0.0,0.20655172765254975,0.001,0.0029199123,0.2,0.13199132680892944,-0.006753381062299013
,,,750,,,,25,2.07,3104,-0.17421220999999998,0,0.85,,,,,,,,,,
0,315,1.4,780,0.92,780,-0.09419925442896783,,,,,,,-0.8275230288505554,0.06363411247730255,125,0.03333333432674408,0.16874009370803833,0.001,0.0077109756,0.2,0.20859718322753906,-0.004010192935044543
,,,780,,,,26,2.13,3234,-0.19531981,0,0.83,,,,,,,,,,
0,326,1.42,810,0.92,810,-0.09298814452718944,,,,,,,-0.8060663342475891,0.04363018646836281,130,0.04000000059604645,0.14590465873479844,0.001,0.0043607373,0.2,0.3527507185935974,-0.010115690498302498
,,,810,,,,27,2.22,3356,-0.20200785,0,0.82,,,,,,,,,,
0,339,1.4,840,0.92,840,-0.07153665057849139,,,,,,,-0.822976267337799,0.05073871091008186,135,0.0,0.11633766591548919,0.001,0.0009362638,0.2,0.20322179794311523,-0.0003624554475145203
,,,840,,,,28,2.29,3484,-0.22405686000000002,0,0.81,,,,,,,,,,
0,355,1.26,870,0.98,870,-0.031889382670633494,,,,,,,-0.732994270324707,0.06766721606254578,140,0.006666667014360428,0.1948814272880554,0.001,0.0022706648,0.2,-0.025807976722717285,-0.007356485292936555
,,,870,,,,29,2.34,3598,-0.24053143000000002,0,0.8,,,,,,,,,,
0,367,1.52,900,0.9,900,-0.1164205697318539,,,,,,,-0.7005516529083252,0.07749827206134796,145,0.0,0.1874133825302124,0.001,0.0002628108,0.2,0.2888335585594177,0.0015860144553395017
,,,900,,,,30,2.28,3728,-0.25911336999999995,0,0.78,,,,,,,,,,
0,383,1.2,930,0.98,930,-0.028648901851847767,,,,,,,-0.5875710606575012,0.052939072251319885,150,0.06666666716337204,0.2113441437482834,0.001,0.012297746,0.2,0.22494608163833618,-0.016693078093230795
,,,930,,,,31,2.2,3835,-0.23431795,0,0.8,,,,,,,,,,
0,396,1.5,960,0.94,960,-0.07448106507305056,,,,,,,-0.4597668409347534,0.09714590013027191,155,0.006666667014360428,0.2626130789518356,0.001,0.0017863055,0.2,0.02389359474182129,0.0017440216057003966
,,,960,,,,32,2.15,3958,-0.23304451999999998,0,0.81,,,,,,,,,,
0,409,1.48,990,0.94,990,-0.05562980838585645,,,,,,,-0.38563167452812197,0.07121306657791138,160,0.006666667014360428,0.23623363077640533,0.001,0.002113525,0.2,0.07426244020462036,-0.005153641266127096
,,,990,,,,33,2.2,4083,-0.23129920999999995,0,0.81,,,,,,,,,,
0,429,1.54,1020,0.9,1020,-0.12326495108660311,,,,,,,-0.35194737911224366,0.05711537227034569,165,0.0,0.1736718475818634,0.001,0.00024971168,0.2,0.14761728048324585,-0.0030746543306547024
,,,1020,,,,34,2.04,4212,-0.22751493,0,0.82,,,,,,,,,,
0,440,1.3,1050,0.96,1050,-0.051690020454116165,,,,,,,-0.3755203723907471,0.04625454917550087,170,0.0,0.1170385017991066,0.001,0.0017531157,0.2,0.40055614709854126,0.0003282892678786453
,,,1050,,,,35,2.05,4335,-0.23759903,0,0.81,,,,,,,,,,
0,452,1.6,1080,0.94,1080,-0.0749038729351014,,,,,,,-0.41051762700080874,0.057320572435855865,175,0.013333334028720856,0.17786632478237152,0.001,0.0018238068,0.2,0.10225570201873779,-0.0077974916187425695
,,,1080,,,,36,2.15,4472,-0.26025560000000003,0,0.78,,,,,,,,,,
0,464,1.1,1110,1.0,1110,-0.00798826603218913,,,,,,,-0.45803260803222656,0.08427689224481583,180,0.0,0.19743113815784455,0.001,0.00020156105,0.2,0.2599315047264099,0.0012855253640250198
,,,1110,,,,37,2.16,4577,-0.24551882,0,0.79,,,,,,,,,,
0,477,1.48,1140,0.92,1140,-0.09369242853019387,,,,,,,-0.4196624457836151,0.04363652318716049,185,0.03333333432674408,0.15007667243480682,0.001,0.008283645,0.2,0.2870568633079529,-0.01164967012281153
,,,1140,,,,38,2.17,4702,-0.24454981999999997,0,0.79,,,,,,,,,,
0,486,1.1,1170,1.0,1170,-0.007748321872204542,,,,,,,-0.3382524847984314,0.05195926874876022,190,0.0,0.14619963318109513,0.001,0.00013720195,0.2,0.25167572498321533,-0.00022651911412410186
,,,1170,,,,39,2.29,4809,-0.28199240999999997,0,0.77,,,,,,,,,,
0,502,1.26,1200,0.96,1200,-0.05034948875196278,,,,,,,-0.27246212363243105,0.12242604792118073,195,0.006666667014360428,0.34912866950035093,0.001,0.0027624667,0.2,-0.006902217864990234,-0.008894615313038302
,,,1200,,,,40,2.3,4928,-0.31011320000000003,0,0.75,,,,,,,,,,
0,519,1.48,1230,0.92,1230,-0.0934250013018027,,,,,,,-0.2642942011356354,0.13386088609695435,200,0.0,0.2970081329345703,0.001,0.0031060476,0.2,0.08843427896499634,0.0008144218911183998
,,,1230,,,,41,2.21,5049,-0.2996267799999999,0,0.76,,,,,,,,,,
0,537,1.26,1260,0.96,1260,-0.049211141248233614,,,,,,,-0.19662193059921265,0.06658244132995605,205,0.0,0.1565277397632599,0.001,0.00023519396,0.2,0.49260199069976807,-0.002322455590086392
,,,1260,,,,42,2.2,5168,-0.29052016,0,0.77,,,,,,,,,,
0,556,1.18,1290,0.98,1290,-0.029153302609920502,,,,,,,-0.22303722202777862,0.040537308901548386,210,0.006666667014360428,0.1223481461405754,0.001,0.00095500745,0.2,0.43064427375793457,-0.002654426499891116
,,,1290,,,,43,2.03,5293,-0.26237437,0,0.8,,,,,,,,,,
0,568,1.24,1320,0.96,1320,-0.05241728620138019,,,,,,,-0.29823983311653135,0.07758215814828873,215,0.026666668057441712,0.211075821518898,0.001,0.0031200906,0.2,-0.030167222023010254,-0.006187386736273481
,,,1320,,,,44,2.03,5414,-0.27731222,0,0.79,,,,,,,,,,
0,584,1.46,1350,0.92,1350,-0.09317558417562395,,,,,,,-0.3102611303329468,0.07606559991836548,220,0.0,0.1692288726568222,0.001,0.00019492308,0.2,0.37521278858184814,0.0003664914821275289
,,,1350,,,,45,1.87,5535,-0.22600596000000003,0,0.83,,,,,,,,,,
0,603,1.16,1380,1.0,1380,-0.008837230410426855,,,,,,,-0.3307616949081421,0.07216858863830566,225,0.0,0.16703035831451415,0.001,1.2783209e-05,0.2,0.15362536907196045,-0.000254857538717701
,,,1380,,,,46,1.78,5646,-0.18852901,0,0.85,,,,,,,,,,
0,616,1.38,1410,0.96,1410,-0.05555850272066891,,,,,,,-0.341677725315094,0.05457775667309761,230,0.0,0.16836509257555007,0.001,0.00042253733,0.2,0.3658329248428345,-0.002582585845763319
,,,1410,,,,47,1.81,5767,-0.19126439999999995,0,0.85,,,,,,,,,,
0,632,1.36,1440,0.96,1440,-0.05042094193864614,,,,,,,-0.38368770480155945,0.08766528218984604,235,0.0,0.174843493103981,0.001,0.00075685384,0.2,0.36773449182510376,0.0007819755984623811
,,,1440,,,,48,1.89,5888,-0.19516224999999995,0,0.85,,,,,,,,,,
0,645,1.4,1470,0.9,1470,-0.09443649680819362,,,,,,,-0.40696312189102174,0.11096052080392838,240,0.0,0.34408876597881316,0.001,0.00015671055,0.2,-0.11351132392883301,-0.0009357686723042491
,,,1470,,,,49,2.0,6007,-0.22661558999999998,0,0.82,,,,,,,,,,
0,657,1.24,1500,0.96,1500,-0.049416096266359094,,,,,,,-0.3926140069961548,0.16266825795173645,245,0.0,0.3379254937171936,0.001,0.00067005155,0.2,0.09987103939056396,-0.004016067196304362
,,,1500,,,,50,2.06,6119,-0.21841901999999996,0,0.82,,,,,,,,,,
0,673,1.14,1530,0.98,1530,-0.028979819403029978,,,,,,,-0.3724232614040375,0.06488002091646194,250,0.0,0.17270133197307586,0.001,0.0011786302,0.2,0.16076701879501343,-0.006287075753789395
,,,1530,,,,51,1.97,6233,-0.19653836999999996,0,0.84,,,,,,,,,,
0,687,1.32,1560,0.94,1560,-0.07084810253232718,,,,,,,-0.4163114786148071,0.05463484302163124,255,0.0,0.12002363055944443,0.001,3.472964e-06,0.2,0.49536263942718506,0.0014379012732145923
,,,1560,,,,52,2.07,6355,-0.19954022,0,0.82,,,,,,,,,,
0,702,1.64,1590,0.86,1590,-0.15991458802483977,,,,,,,-0.3720856487751007,0.049703411757946014,260,0.020000000298023225,0.15055370032787324,0.001,0.0032341678,0.2,0.12418699264526367,-0.005291999106605871
,,,1590,,,,53,2.11,6502,-0.20038967999999996,0,0.81,,,,,,,,,,
0,714,1.52,1620,0.88,1620,-0.13281377772334962,,,,,,,-0.30504544377326964,0.13600879907608032,265,0.006666667014360428,0.31524447202682493,0.001,0.0014546235,0.2,-0.4274566173553467,-0.007592817985763389
,,,1620,,,,54,2.15,6632,-0.20655698,0,0.8,,,,,,,,,,
0,732,1.1,1650,1.0,1650,-0.008200445091351866,,,,,,,-0.2553181141614914,0.0961129292845726,270,0.0,0.2669681966304779,0.001,0.0006877482,0.2,0.19124376773834229,-5.2611057377305315e-06
,,,1650,,,,55,2.1,6741,-0.19234492000000003,0,0.8,,,,,,,,,,
0,749,1.3,1680,0.94,1680,-0.07041781034320593,,,,,,,-0.24716995656490326,0.17170469462871552,275,0.020000001043081285,0.34400892853736875,0.001,0.0024774214,0.2,-13.898543357849121,-0.009570898376405169
,,,1680,,,,56,1.98,6864,-0.14724737999999998,0,0.83,,,,,,,,,,
0,760,1.28,1710,0.98,1710,-0.02972608173266053,,,,,,,-0.23940430879592894,0.0761842280626297,280,0.0,0.214089298248291,0.001,8.451144e-05,0.2,0.1971713900566101,0.00030915578846730797
,,,1710,,,,57,2.03,6980,-0.17821926000000002,0,0.81,,,,,,,,,,
0,774,1.66,1740,0.88,1740,-0.13669227334670722,,,,,,,-0.2405870348215103,0.14419952034950256,285,0.0,0.277968156337738,0.001,2.7815501e-08,0.2,0.08568555116653442,-3.072261866066128e-05
,,,1740,,,,58,2.07,7121,-0.19650726000000002,0,0.79,,,,,,,,,,
0,790,1.38,1770,0.92,1770,-0.09185477030929177,,,,,,,-0.24211600720882415,0.0898747518658638,290,0.0,0.23064641654491425,0.001,5.9604645e-08,0.2,0.2608339786529541,-3.8319429125266426e-05
,,,1770,,,,59,2.02,7242,-0.19970858000000002,0,0.82,,,,,,,,,,
0,801,1.46,1800,0.92,1800,-0.05398580413777381,,,,,,,-0.2412288337945938,0.11895518749952316,295,0.0,0.23385554254055024,0.001,4.152457e-07,0.2,0.02492547035217285,-2.303481073031577e-05
,,,1800,,,,60,2.11,7374,-0.21751373000000002,0,0.81,,,,,,,,,,
0,815,1.54,1830,0.92,1830,-0.05405715939588845,,,,,,,-0.2534917742013931,0.11464542895555496,300,0.0,0.24981776475906373,0.001,3.7332375e-05,0.2,0.10431152582168579,-0.0004250593906423905
,,,1830,,,,61,2.09,7507,-0.19265198999999997,0,0.82,,,,,,,,,,
0,828,1.38,1860,0.94,1860,-0.05413823935203254,,,,,,,-0.2574918746948242,0.07412512600421906,305,0.0,0.18538795709609984,0.001,0.0011389176,0.2,0.1384550929069519,-0.004083872626845952
,,,1860,,,,62,2.14,7633,-0.22532147000000005,0,0.8,,,,,,,,,,
0,846,1.56,1890,0.88,1890,-0.1146190235670656,,,,,,,-0.31574159264564516,0.12107399851083755,310,0.0,0.26070556342601775,0.001,7.738471e-05,0.2,-0.04627871513366699,0.0002776185671489628
,,,1890,,,,63,2.16,7765,-0.24315839,0,0.8,,,,,,,,,,
0,856,1.22,1920,0.98,1920,-0.028881563735194505,,,,,,,-0.3492194950580597,0.10256944596767426,315,0.0,0.21691101491451265,0.001,3.117323e-05,0.2,0.2974596619606018,-9.259879376699587e-06
,,,1920,,,,64,2.23,7881,-0.28315482000000003,0,0.77,,,,,,,,,,
0,872,1.2,1950,0.98,1950,-0.0289998384937644,,,,,,,-0.37799993753433225,0.05460807681083679,320,0.0,0.14840179681777954,0.001,0.00052447716,0.2,0.34431445598602295,-0.00030426165186057117
,,,1950,,,,65,2.16,7986,-0.25331462000000005,0,0.8,,,,,,,,,,
0,887,1.34,1980,0.96,1980,-0.051013988838531074,,,,,,,-0.4014028966426849,0.17538142204284668,325,0.0,0.3618112564086914,0.001,0.000115191935,0.2,0.364168643951416,0.00042505939723938015
,,,1980,,,,66,2.17,8116,-0.25140478,0,0.8,,,,,,,,,,
0,900,1.48,2010,0.9,2010,-0.12001361374743283,,,,,,,-0.4097107589244843,0.11880738288164139,330,0.0,0.31010185480117797,0.001,0.0001264135,0.2,0.03289449214935303,-0.0008653954612478643
,,,2010,,,,67,2.16,8243,-0.27046671,0,0.78,,,,,,,,,,
0,913,1.24,2040,0.96,2040,-0.03048251018393785,,,,,,,-0.3605040431022644,0.13485939800739288,335,0.0,0.2860834300518036,0.001,6.355047e-05,0.2,0.3247753381729126,2.447525650524085e-05
,,,2040,,,,68,2.16,8361,-0.2712423,0,0.79,,,,,,,,,,
0,927,1.64,2070,0.88,2070,-0.1433918697340414,,,,,,,-0.3179167330265045,0.05735623091459274,340,0.0,0.14400128573179244,0.001,0.0014325499,0.2,0.3756168484687805,-0.00208321415663999
,,,2070,,,,69,2.1,8511,-0.24055940999999997,0,0.81,,,,,,,,,,
0,946,1.38,2100,0.96,2100,-0.03227672782260924,,,,,,,-0.2739110171794891,0.05917634814977646,345,0.0,0.13835682570934296,0.001,5.5611135e-06,0.2,-0.19697272777557373,0.0006329504757495386
,,,2100,,,,70,2.07,8628,-0.22520033,0,0.82,,,,,,,,,,
0,962,1.32,2130,0.96,2130,-0.03195306134410202,,,,,,,-0.2714164137840271,0.0370725654065609,350,0.0,0.10266465246677399,0.001,0.0005954504,0.2,0.4408845901489258,-0.0035853580540666564
,,,2130,,,,71,1.97,8745,-0.17452348999999998,0,0.85,,,,,,,,,,
0,972,1.84,2160,0.84,2160,-0.12530742816627025,,,,,,,-0.2421254277229309,0.058153990656137466,355,0.013333334028720856,0.12612947225570678,0.001,0.001262021,0.2,0.165724515914917,2.9800037009408697e-05
,,,2160,,,,72,2.1,8900,-0.20591368,0,0.82,,,,,,,,,,
0,986,1.58,2190,0.88,2190,-0.1363840366806835,,,,,,,-0.23131737411022185,0.07551591098308563,360,0.0,0.2049613207578659,0.001,6.525914e-05,0.2,0.1350799798965454,0.00014016946176234057
,,,2190,,,,73,2.09,9044,-0.20631815,0,0.81,,,,,,,,,,
0,1000,1.44,2220,0.94,2220,-0.07389809546526521,,,,,,,-0.2757162809371948,0.05180227756500244,365,0.026666668057441712,0.12296947091817856,0.001,0.0151610775,0.2,0.5745035409927368,-0.0034649800695479628
,,,2220,,,,74,2.06,9173,-0.19750223000000006,0,0.82,,,,,,,,,,
0,1016,1.28,2250,0.98,2250,-0.01043148709461093,,,,,,,-0.21956767439842223,0.07748290151357651,370,0.0,0.18224962651729584,0.001,1.748403e-07,0.2,0.47931408882141113,1.296202329470475e-06
,,,2250,,,,75,2.02,9298,-0.19885669999999997,0,0.82,,,,,,,,,,
0,1028,1.2,2280,0.98,2280,-0.029380033733323218,,,,,,,-0.2158498764038086,0.13227808475494385,375,0.0,0.30878534317016604,0.001,1.1920929e-08,0.2,-0.480118989944458,-3.5079320257480617e-06
,,,2280,,,,76,2.06,9415,-0.21920013999999996,0,0.81,,,,,,,,,,
0,1044,1.44,2310,0.9,2310,-0.09661864795722068,,,,,,,-0.21615188121795653,0.11543900519609451,380,0.0,0.2540861308574677,0.001,1.2729565e-05,0.2,0.2896547317504883,-0.00022044301081507455
,,,2310,,,,77,2.15,9550,-0.23852088000000002,0,0.79,,,,,,,,,,
0,1060,1.24,2340,0.98,2340,-0.029423882188275456,,,,,,,-0.22253296971321107,0.03712208941578865,385,0.0,0.0719465121626854,0.001,9.973844e-07,0.2,0.6917345523834229,-4.852215392192605e-06
,,,2340,,,,78,2.1,9674,-0.23722595000000002,0,0.8,,,,,,,,,,
0,1071,1.1,2370,0.98,2370,-0.02896075002849102,,,,,,,-0.2350061297416687,0.061807237565517426,390,0.0,0.15153341889381408,0.001,1.2056033e-05,0.2,0.37794405221939087,-9.40830508806556e-05
,,,2370,,,,79,2.13,9784,-0.25861923,0,0.79,,,,,,,,,,
0,1083,1.28,2400,0.96,2400,-0.05103267724160105,,,,,,,-0.21202584505081176,0.14625577628612518,395,0.0,0.3254364669322968,0.001,0.00026753743,0.2,0.2209949493408203,-0.0017984383855946362
,,,2400,,,,80,2.17,9905,-0.25871605,0,0.8,,,,,,,,,,
0,1098,1.48,2430,0.9,2430,-0.09302834485191852,,,,,,,-0.20895023941993712,0.0438690111041069,400,0.0,0.12876557409763337,0.001,0.000721854,0.2,0.4418296813964844,-0.0058914299790430395
,,,2430,,,,81,2.2,10038,-0.26038649,0,0.79,,,,,,,,,,
0,1111,1.42,2460,0.9,2460,-0.0962584212049842,,,,,,,-0.2562199056148529,0.09746338427066803,405,0.0,0.24021110832691192,0.001,0.00012007157,0.2,-0.10254204273223877,-0.0005390204954892397
,,,2460,,,,82,2.19,10163,-0.25098687000000003,0,0.79,,,,,,,,,,
0,1123,1.6,2490,0.86,2490,-0.15336097410414368,,,,,,,-0.30304689407348634,0.12103526294231415,410,0.020000001043081285,0.28029332160949705,0.001,0.0022343318,0.2,-0.2749897241592407,-0.003236532236138956
,,,2490,,,,83,2.22,10304,-0.25271389000000005,0,0.8,,,,,,,,,,
0,1141,1.48,2520,0.92,2520,-0.09269777934066951,,,,,,,-0.4074945092201233,0.24462704360485077,415,0.020000001043081285,0.5382891297340393,0.001,0.020523006,0.2,-0.20052862167358398,-0.007259170363347067
,,,2520,,,,84,2.15,10432,-0.24204348,0,0.81,,,,,,,,,,
0,1156,1.3,2550,0.94,2550,-0.06990213016979396,,,,,,,-0.3576057910919189,0.04235495626926422,420,0.006666667014360428,0.10667051821947098,0.001,0.0009771506,0.2,0.5197209119796753,-0.004475365153824207
,,,2550,,,,85,2.12,10554,-0.23138663999999998,0,0.82,,,,,,,,,,
0,1177,1.16,2580,0.98,2580,-0.028473934293724596,,,,,,,-0.40543227791786196,0.06339200586080551,425,0.013333334028720856,0.15841225683689117,0.001,0.002894336,0.2,-0.08658087253570557,-0.005902086095883874
,,,2580,,,,86,1.92,10686,-0.18055363999999996,0,0.86,,,,,,,,,,
0,1192,1.36,2610,0.94,2610,-0.07095099546015263,,,,,,,-0.3569011211395264,0.04397457465529442,430,0.0,0.11270430833101272,0.001,7.194678e-05,0.2,0.39765071868896484,0.0003647482348611675
,,,2610,,,,87,1.87,10821,-0.16976682999999998,0,0.87,,,,,,,,,,
0,1209,1.52,2640,0.88,2640,-0.13306708951946347,,,,,,,-0.4028341114521027,0.08775614947080612,435,0.006666667014360428,0.24109063744544984,0.001,0.002357759,0.2,0.12464064359664917,-0.007648857013943378
,,,2640,,,,88,1.83,10962,-0.19307388999999997,0,0.87,,,,,,,,,,
0,1223,1.32,2670,0.98,2670,-0.030420040944591165,,,,,,,-0.25733346343040464,0.07723916321992874,440,0.013333334028720856,0.17952201068401336,0.001,0.0020167034,0.2,0.2901730537414551,-0.002726584197953308
,,,2670,,,,89,1.8,11085,-0.16522844000000003,0,0.88,,,,,,,,,,
0,1237,1.32,2700,0.96,2700,-0.05178153187036514,,,,,,,-0.1930093139410019,0.06499827653169632,445,0.020000000298023225,0.15830177664756775,0.001,0.0035764575,0.2,0.07470780611038208,-0.0014968391166380712
,,,2700,,,,90,1.85,11202,-0.18551725000000002,0,0.86,,,,,,,,,,
0,1254,1.38,2730,0.96,2730,-0.0516995092947036,,,,,,,-0.15926023125648497,0.0526457317173481,450,0.0,0.16253449767827988,0.001,0.0019501467,0.2,0.3694702386856079,-0.0034240919180838604
,,,2730,,,,91,1.85,11323,-0.18529331,0,0.86,,,,,,,,,,
0,1270,1.4,2760,0.98,2760,-0.012446020315401256,,,,,,,-0.12929774820804596,0.15550410747528076,455,0.006666667014360428,0.34285587072372437,0.001,0.001657917,0.2,0.30548906326293945,0.0016470925401279146
,,,2760,,,,92,1.85,11452,-0.17146592999999996,0,0.86,,,,,,,,,,
0,1281,1.34,2790,0.94,2790,-0.070322603341192,,,,,,,-0.11214875876903534,0.08730143308639526,460,0.0,0.2321970671415329,0.001,1.5298525e-06,0.2,-0.11364138126373291,1.3110637543611858e-05
,,,2790,,,,93,2.01,11568,-0.22759302,0,0.81,,,,,,,,,,
0,1292,1.34,2820,0.94,2820,-0.05144043605774641,,,,,,,-0.10450545251369477,0.15594299137592316,465,0.0,0.34191510677337644,0.001,4.053116e-07,0.2,0.28141361474990845,-2.622604000634965e-08
,,,2820,,,,94,2.13,11703,-0.24591175999999998,0,0.79,,,,,,,,,,
0,1313,1.08,2850,1.0,2850,-0.007099012052640319,,,,,,,-0.10333311706781387,0.061144061386585236,470,0.0,0.16898057609796524,0.001,2.503395e-07,0.2,0.4094897508621216,-2.817749964947325e-05
,,,2850,,,,95,1.97,11806,-0.20853620000000003,0,0.82,,,,,,,,,,
0,1328,1.38,2880,0.96,2880,-0.053123191408813,,,,,,,-0.0976728230714798,0.10544965416193008,475,0.0,0.20332822799682618,0.001,2.3841858e-08,0.2,0.5116843581199646,1.9427140315997347e-06
,,,2880,,,,96,1.93,11926,-0.19732628,0,0.82,,,,,,,,,,
0,1348,1.36,2910,0.94,2910,-0.07235757699701935,,,,,,,-0.09669420123100281,0.14006322622299194,480,0.0,0.3300570011138916,0.001,7.947286e-09,0.2,-0.44426393508911133,1.8175442967560685e-06
,,,2910,,,,97,1.88,12053,-0.18539335000000004,0,0.83,,,,,,,,,,
0,1371,1.6,2940,0.9,2940,-0.12193118453025818,,,,,,,-0.10440653711557388,0.06300884485244751,485,0.006666667014360428,0.14700988233089446,0.001,0.0012342691,0.2,0.24045902490615845,-0.0063954235085603274
,,,2940,,,,98,1.79,12182,-0.17110683999999998,0,0.85,,,,,,,,,,
0,1387,1.2,2970,0.98,2970,-0.02944181696046144,,,,,,,-0.12835805416107177,0.03640929237008095,490,0.013333334028720856,0.09175926446914673,0.001,0.0061213435,0.2,0.22241783142089844,-0.0024172778691475827
,,,2970,,,,99,1.65,12288,-0.10963932,0,0.91,,,,,,,,,,
0,1402,1.48,3000,0.94,3000,-0.07334272732958197,,,,,,,-0.108497516810894,-0.004295998252928257,495,0.013333334028720856,0.025437182560563088,0.001,0.0019150595,0.2,-11.543150901794434,-0.00641342837673875
,,,3000,,,,100,1.7,12417,-0.11077357999999998,0,0.91,,,,,,,,,,
0,1424,1.08,3030,1.0,3030,-0.007251494182273745,,,,,,,-0.07118204459547997,0.120565265417099,500,0.006666667014360428,0.27062111496925356,0.001,0.0005944848,0.2,0.08378356695175171,-0.0029631841819110607
,,,3030,,,,101,1.63,12519,-0.08530031,0,0.93,,,,,,,,,,
0,1439,1.22,3060,0.98,3060,-0.029071142501197755,,,,,,,-0.05216744616627693,0.06366180628538132,505,0.0,0.13093149960041045,0.001,7.947286e-09,0.2,-0.08413004875183105,-1.6729037010776438e-06
,,,3060,,,,102,1.64,12626,-0.11157454000000001,0,0.92,,,,,,,,,,
0,1456,1.28,3090,0.96,3090,-0.05019319291692227,,,,,,,-0.05367489382624626,0.11465782672166824,510,0.0,0.2619070678949356,0.001,2.3047129e-07,0.2,0.05189037322998047,-6.199558595358923e-05
,,,3090,,,,103,1.7,12742,-0.1364771,0,0.9,,,,,,,,,,
0,1470,1.36,3120,0.98,3120,-0.031133188931271434,,,,,,,-0.05766514986753464,0.11522338539361954,515,0.026666668057441712,0.24615534245967866,0.001,0.0011180203,0.2,0.1627594232559204,-0.004897854278484814
,,,3120,,,,104,1.8,12865,-0.14828894,0,0.89,,,,,,,,,,
0,1482,1.34,3150,0.98,3150,-0.03116474483627826,,,,,,,-0.04870064407587051,0.07738123834133148,520,0.0,0.1851048618555069,0.001,7.341305e-05,0.2,0.2173890471458435,-0.00047565200783168394
,,,3150,,,,105,1.86,12980,-0.18037108999999998,0,0.86,,,,,,,,,,
0,1491,1.56,3180,0.92,3180,-0.07472540771588683,,,,,,,-0.050875219702720645,0.06496699154376984,525,0.0,0.1438397228717804,0.001,5.9604645e-08,0.2,0.3562988042831421,-1.303354896009523e-07
,,,3180,,,,106,2.03,13110,-0.23372860999999998,0,0.81,,,,,,,,,,
0,1503,1.54,3210,0.92,3210,-0.07606265023816378,,,,,,,-0.05325630158185959,0.063710056245327,530,0.0,0.16625823676586152,0.001,0.0,0.2,0.18043148517608643,7.819136065734255e-07
,,,3210,,,,107,2.09,13241,-0.24716667000000003,0,0.8,,,,,,,,,,
0,1517,1.52,3240,0.9,3240,-0.0747782961744815,,,,,,,-0.0542558990418911,0.13667532801628113,535,0.0,0.2807333290576935,0.001,0.0,0.2,0.12267810106277466,3.290176444181725e-07
,,,3240,,,,108,2.18,13372,-0.26254504,0,0.79,,,,,,,,,,
0,1535,1.4,3270,0.94,3270,-0.07514971440192313,,,,,,,-0.05674555525183678,0.10303948819637299,540,0.0,0.23001008331775666,0.001,7.947286e-09,0.2,0.14903873205184937,-3.0318896762082657e-07
,,,3270,,,,109,2.2,13503,-0.26035484,0,0.79,,,,,,,,,,
0,1553,1.28,3300,0.94,3300,-0.030283107217401267,,,,,,,-0.05544266402721405,0.024855516850948334,545,0.0,0.05122901275753975,0.001,0.0,0.2,0.7502492070198059,1.9868215517249155e-08
,,,3300,,,,110,2.12,13623,-0.22423844000000004,0,0.82,,,,,,,,,,
0,1569,1.32,3330,0.94,3330,-0.07016706108115614,,,,,,,-0.05572125837206841,0.044668395072221756,550,0.0,0.12076940685510636,0.001,0.0,0.2,0.005630016326904297,-2.4557112894285637e-07
,,,3330,,,,111,2.12,13737,-0.22404578000000006,0,0.82,,,,,,,,,,
0,1580,1.4,3360,0.92,3360,-0.07090635010506957,,,,,,,-0.05566680878400802,0.07474573701620102,555,0.0,0.18063122630119324,0.001,4.3233235e-06,0.2,0.2107129693031311,-4.4148366335505786e-05
,,,3360,,,,112,2.14,13862,-0.24214948000000003,0,0.81,,,,,,,,,,
0,1597,1.58,3390,0.94,3390,-0.07522901116404683,,,,,,,-0.054597937315702436,0.08585858345031738,560,0.0,0.21420038640499114,0.001,0.0,0.2,0.329120934009552,3.0994416100327274e-08
,,,3390,,,,113,1.9,13996,-0.1830448600000001,0,0.86,,,,,,,,,,
0,1612,1.48,3420,0.9,3420,-0.10540356351528317,,,,,,,-0.05370881408452988,0.1324111968278885,565,0.0,0.2751010715961456,0.001,0.0,0.2,0.4356651306152344,-2.463658681506331e-08
,,,3420,,,,114,1.93,14118,-0.19882249999999996,0,0.84,,,,,,,,,,
0,1626,1.22,3450,0.96,3450,-0.050502777229994536,,,,,,,-0.05315398499369621,0.10546471178531647,570,0.0,0.22138696908950806,0.001,0.0,0.2,0.09419447183609009,-2.821286497756148e-08
,,,3450,,,,115,1.92,14229,-0.18707374000000002,0,0.84,,,,,,,,,,
0,1642,1.54,3480,0.88,3480,-0.10112428616266697,,,,,,,-0.05149488151073456,0.08330404758453369,575,0.0,0.1938653588294983,0.001,0.00041680137,0.2,0.06882405281066895,-0.001882797876993836
,,,3480,,,,116,2.02,14365,-0.21239402999999998,0,0.81,,,,,,,,,,
0,1656,1.48,3510,0.9,3510,-0.09393869859166443,,,,,,,-0.04446264281868935,0.07330965250730515,580,0.0,0.15985319912433624,0.001,3.5762787e-07,0.2,0.15278804302215576,-1.926422082831891e-06
,,,3510,,,,117,2.03,14486,-0.21341145,0,0.81,,,,,,,,,,
0,1670,1.34,3540,0.94,3540,-0.07054728700313717,,,,,,,-0.044077956676483156,0.0634613037109375,585,0.0,0.13944016993045807,0.001,3.6358833e-07,0.2,0.4308926463127136,-1.1200905087171976e-05
,,,3540,,,,118,2.03,14607,-0.18675298,0,0.82,,,,,,,,,,
0,1683,1.22,3570,0.98,3570,-0.029751871237531303,,,,,,,-0.03651516065001488,0.019320372492074966,590,0.0,0.06774597093462945,0.001,8.231203e-05,0.2,-8.949774742126465,-0.0003665105528973811
,,,3570,,,,119,2.04,14722,-0.16226296,0,0.83,,,,,,,,,,
0,1701,1.3,3600,0.96,3600,-0.05285340655129403,,,,,,,-0.03404149562120438,0.12653134763240814,595,0.0,0.26659342348575593,0.001,3.8007895e-06,0.2,0.021253764629364014,0.0007111827594538323
,,,3600,,,,120,2.01,14837,-0.14453096,0,0.84,,,,,,,,,,
0,1718,1.5,3630,0.88,3630,-0.10583878182806075,,,,,,,-0.03463874831795692,0.0410144180059433,600,0.0,0.09353601485490799,0.001,0.0,0.2,0.26220768690109253,-1.5099844041799315e-08
,,,3630,,,,121,1.95,14965,-0.13960398999999998,0,0.85,,,,,,,,,,
0,1735,1.34,3660,0.94,3660,-0.07019044919870794,,,,,,,-0.03555548787117004,0.07602345198392868,605,0.0,0.15716543197631835,0.001,0.0,0.2,0.22936880588531494,-3.258387240023808e-08
,,,3660,,,,122,1.93,15088,-0.15048105,0,0.86,,,,,,,,,,
0,1746,1.14,3690,0.98,3690,-0.027654351806268095,,,,,,,-0.07938738018274308,0.08156202733516693,610,0.026666668057441712,0.19507821798324584,0.001,0.0050073047,0.2,0.11351227760314941,-0.006779796890914458
,,,3690,,,,123,2.02,15204,-0.18071428,0,0.83,,,,,,,,,,
0,1759,1.42,3720,0.94,3720,-0.07240875608287752,,,,,,,-0.036601994186639786,0.11459574848413467,615,0.0,0.24344739317893982,0.001,0.0,0.2,0.13918066024780273,3.765026718838271e-07
,,,3720,,,,124,1.98,15328,-0.16939776,0,0.83,,,,,,,,,,
0,1777,1.12,3750,0.98,3750,-0.029482551515102387,,,,,,,-0.03699849545955658,0.0660300925374031,620,0.0,0.14675825238227844,0.001,0.0,0.2,0.0920674204826355,2.479553195655626e-07
,,,3750,,,,125,1.92,15438,-0.16850206,0,0.83,,,,,,,,,,
0,1789,1.52,3780,0.92,3780,-0.07261252101976425,,,,,,,-0.037084156274795534,0.061051145195961,625,0.0,0.12804804742336273,0.001,0.0,0.2,0.08085018396377563,1.7603238298136147e-07
,,,3780,,,,126,1.99,15569,-0.20538577999999996,0,0.81,,,,,,,,,,
0,1803,1.42,3810,0.92,3810,-0.09776532337069511,,,,,,,-0.03713191226124764,0.10383114963769913,630,0.0,0.26819388568401337,0.001,0.0,0.2,0.37802475690841675,-2.8212863867338456e-08
,,,3810,,,,127,2.04,15688,-0.22516899,0,0.8,,,,,,,,,,
0,1817,1.36,3840,0.94,3840,-0.07120817362330854,,,,,,,-0.0356401763856411,0.07878530025482178,635,0.006666667014360428,0.17427483201026917,0.001,0.0012382348,0.2,0.32637566328048706,-0.003597362026727069
,,,3840,,,,128,2.14,15804,-0.25328901,0,0.78,,,,,,,,,,
0,1831,1.34,3870,0.96,3870,-0.05241451870650053,,,,,,,-0.07780950665473937,0.09026046842336655,640,0.026666668057441712,0.22328877747058867,0.001,0.16291979,0.2,0.1871240735054016,-0.006341283296545264
,,,3870,,,,129,2.16,15918,-0.25440054999999995,0,0.78,,,,,,,,,,
0,1848,1.14,3900,0.98,3900,-0.028763865353539586,,,,,,,-0.02856292873620987,0.06575319170951843,645,0.0,0.14844823777675628,0.001,9.894371e-07,0.2,0.44542044401168823,9.92149122371444e-05
,,,3900,,,,130,2.0,16020,-0.22435358,0,0.81,,,,,,,,,,
0,1862,1.34,3930,0.94,3930,-0.05062173219863325,,,,,,,-0.04318407848477364,0.04860428348183632,650,0.0,0.11715281009674072,0.001,9.960731e-05,0.2,0.5077439546585083,-0.00046755044022575023
,,,3930,,,,131,2.03,16153,-0.22374306,0,0.8,,,,,,,,,,
0,1876,1.36,3960,0.96,3960,-0.03213028846308589,,,,,,,-0.02903025634586811,0.10107279568910599,655,0.0,0.24030778110027312,0.001,2.8014182e-07,0.2,-0.18195641040802002,-8.910179336751867e-05
,,,3960,,,,132,2.13,16280,-0.26151954000000005,0,0.77,,,,,,,,,,
0,1893,1.36,3990,0.96,3990,-0.0514158321544528,,,,,,,-0.05049878805875778,0.08078567683696747,660,0.0,0.18913709223270417,0.001,1.7960867e-05,0.2,0.07442992925643921,1.2974739341409246e-05
,,,3990,,,,133,1.99,16418,-0.23810458000000004,0,0.79,,,,,,,,,,
0,1905,1.34,4020,0.96,4020,-0.05061426346190274,,,,,,,-0.07418064028024673,0.04252258688211441,665,0.020000001043081285,0.13313320875167847,0.001,0.0057808715,0.2,0.484596848487854,-0.01000212849428248
,,,4020,,,,134,2.03,16552,-0.25186022,0,0.78,,,,,,,,,,
0,1920,1.22,4050,0.96,4050,-0.04935369578655809,,,,,,,-0.02441578060388565,0.07753396034240723,670,0.0,0.17113471329212188,0.001,1.5894573e-08,0.2,0.414949893951416,-1.5611250879743466e-05
,,,4050,,,,135,2.05,16662,-0.25753758,0,0.77,,,,,,,,,,
0,1934,1.3,4080,0.96,4080,-0.030384272038936615,,,,,,,-0.02683817408978939,0.08645707368850708,675,0.0,0.2003382444381714,0.001,3.349781e-06,0.2,0.4073605537414551,-6.829321486279127e-05
,,,4080,,,,136,1.97,16775,-0.22191265,0,0.79,,,,,,,,,,
0,1954,1.52,4110,0.94,4110,-0.07648189013358206,,,,,,,-0.024094459414482117,0.10175519436597824,680,0.0,0.22157154083251954,0.001,0.00029337406,0.2,0.07969015836715698,-0.0005184022632114705
,,,4110,,,,137,1.91,16904,-0.21099906000000004,0,0.82,,,,,,,,,,
0,1967,1.24,4140,0.98,4140,-0.03116403258405626,,,,,,,-0.027103327214717865,0.04032889008522034,685,0.0,0.08418414294719696,0.001,5.9604645e-08,0.2,0.5066356658935547,-2.6524067386901606e-08
,,,4140,,,,138,2.01,17018,-0.22120573999999998,0,0.81,,,,,,,,,,
0,1983,1.38,4170,0.92,4170,-0.07065192198380828,,,,,,,-0.028932738676667215,0.11756778508424759,690,0.0,0.25644429624080656,0.001,0.0,0.2,-0.03146624565124512,8.861223772527183e-08
,,,4170,,,,139,1.95,17147,-0.20480071000000002,0,0.83,,,,,,,,,,
0,1993,1.26,4200,0.96,4200,-0.04905421560630202,,,,,,,-0.02792613096535206,0.05205170437693596,695,0.006666667014360428,0.12875108420848846,0.001,0.0011387467,0.2,0.3179592490196228,-0.005071444387237278
,,,4200,,,,140,2.07,17277,-0.2214658,0,0.81,,,,,,,,,,
0,2007,1.52,4230,0.9,4230,-0.1167911285161972,,,,,,,-0.020951133221387863,0.07350895553827286,700,0.0,0.15478716790676117,0.001,2.3841858e-07,0.2,0.17408323287963867,-2.3047128934194915e-07
,,,4230,,,,141,2.06,17417,-0.20388173,0,0.81,,,,,,,,,,
0,2024,1.44,4260,0.92,4260,-0.07350030445493758,,,,,,,-0.018818344548344614,0.08341128379106522,705,0.0,0.18851867616176604,0.001,4.3710074e-08,0.2,0.19659489393234253,-1.1195739237557234e-05
,,,4260,,,,142,2.05,17550,-0.19184293,0,0.81,,,,,,,,,,
0,2035,1.32,4290,0.94,4290,-0.04992760008201003,,,,,,,-0.015244110114872455,0.05018991231918335,710,0.0,0.14046866893768312,0.001,0.0,0.2,0.18842685222625732,1.3073285423104153e-07
,,,4290,,,,143,2.09,17672,-0.20030396,0,0.8,,,,,,,,,,
0,2047,1.52,4320,0.92,4320,-0.07262740773148835,,,,,,,-0.014476554840803147,0.1610768884420395,715,0.0,0.31317495703697207,0.001,0.0,0.2,-0.107047438621521,-6.532669049263973e-07
,,,4320,,,,144,2.21,17803,-0.21529487,0,0.78,,,,,,,,,,
0,2059,1.48,4350,0.94,4350,-0.07384522207081318,,,,,,,-0.013695928826928138,0.06059933826327324,720,0.0,0.13446998596191406,0.001,0.0,0.2,-0.19521057605743408,2.1060308785791903e-08
,,,4350,,,,145,2.31,17924,-0.24792938,0,0.75,,,,,,,,,,
0,2074,1.38,4380,0.92,4380,-0.09043420772533864,,,,,,,-0.013330360874533653,0.09831004589796066,725,0.0,0.2392164021730423,0.001,0.0,0.2,0.19480019807815552,5.4836274188119205e-08
,,,4380,,,,146,2.23,18047,-0.24270922000000003,0,0.76,,,,,,,,,,
0,2090,1.26,4410,0.96,4410,-0.05076947428286076,,,,,,,-0.04606408104300499,0.09448732435703278,730,0.04000000208616257,0.21091646254062651,0.001,0.0818649,0.2,0.28652453422546387,-0.00922524601221113
,,,4410,,,,147,2.2,18170,-0.23324937,0,0.77,,,,,,,,,,
0,2102,1.46,4440,0.92,4440,-0.09385582886636257,,,,,,,-0.010348366387188435,0.09675256162881851,735,0.0,0.22251914739608764,0.001,0.0,0.2,0.22351348400115967,-4.235903421800913e-07
,,,4440,,,,148,2.17,18298,-0.23142812999999995,0,0.79,,,,,,,,,,
0,2121,1.2,4470,0.96,4470,-0.03007862059865147,,,,,,,-0.009277367778122426,0.12552449107170105,740,0.0,0.2628515064716339,0.001,0.0,0.2,0.20984917879104614,-4.879633604737421e-07
,,,4470,,,,149,2.11,18408,-0.23183283,0,0.8,,,,,,,,,,
0,2137,1.34,4500,0.94,4500,-0.05017152884043753,,,,,,,-0.008737247437238693,0.06686989217996597,745,0.0,0.1476309269666672,0.001,0.0,0.2,0.26261019706726074,-8.940696663017889e-08
,,,4500,,,,150,2.02,18522,-0.21040267999999998,0,0.83,,,,,,,,,,
0,2149,1.84,4530,0.86,4530,-0.1394854062795639,,,,,,,-0.008324370346963405,0.06782323867082596,750,0.0,0.14720635414123534,0.001,0.0,0.2,0.2290562391281128,5.006790217976231e-08
,,,4530,,,,151,2.06,18674,-0.23757876,0,0.82,,,,,,,,,,
0,2166,1.14,4560,0.98,4560,-0.02903125301003456,,,,,,,-0.00814461037516594,0.16831447184085846,755,0.0,0.38455280661582947,0.001,0.0,0.2,-0.08408069610595703,4.827976258781064e-08
,,,4560,,,,152,1.97,18781,-0.21402514999999997,0,0.84,,,,,,,,,,
0,2182,1.18,4590,0.98,4590,-0.029251284040510653,,,,,,,-0.008032225258648395,0.08659283071756363,760,0.0,0.1880346417427063,0.001,0.0,0.2,0.005438029766082764,1.3907751039710092e-08
,,,4590,,,,153,1.91,18886,-0.20187177999999995,0,0.85,,,,,,,,,,
0,2193,1.66,4620,0.88,4620,-0.1400124198384583,,,,,,,-0.007995540276169777,0.06563631445169449,765,0.0,0.13594443798065187,0.001,0.0,0.2,0.3665013909339905,-5.6028366657301373e-08
,,,4620,,,,154,2.04,19025,-0.23593167999999998,0,0.82,,,,,,,,,,
0,2211,1.48,4650,0.92,4650,-0.07181790643371641,,,,,,,-0.0621744729578495,0.06076134741306305,770,0.020000001043081285,0.18310093879699707,0.001,0.0046904804,0.2,0.09454143047332764,-0.011652251693109506
,,,4650,,,,155,1.92,19151,-0.18180641,0,0.86,,,,,,,,,,
0,2221,1.14,4680,0.98,4680,-0.028479515095241367,,,,,,,-0.007875350117683411,0.0780053362250328,775,0.0,0.17913504540920258,0.001,0.0,0.2,0.10752034187316895,-1.549720778371011e-08
,,,4680,,,,156,2.13,19264,-0.2527748,0,0.81,,,,,,,,,,
0,2235,1.5,4710,0.92,4710,-0.09588005282916129,,,,,,,-0.007815031707286835,0.20297689735889435,780,0.0,0.4218236029148102,0.001,0.0,0.2,-0.07409548759460449,2.9802365020259457e-10
,,,4710,,,,157,2.13,19398,-0.27421593,0,0.8,,,,,,,,,,
0,2252,1.38,4740,0.98,4740,-0.01460170085541904,,,,,,,-0.0078046276234090325,0.06169290095567703,785,0.0,0.13652385622262955,0.001,0.0,0.2,0.5806101560592651,-1.7980735123046543e-08
,,,4740,,,,158,2.06,19522,-0.25258956000000005,0,0.8,,,,,,,,,,
0,2268,1.42,4770,0.94,4770,-0.07227881450671703,,,,,,,-0.03519959636032581,0.07533255219459534,790,0.006666667014360428,0.19100292026996613,0.001,0.0013600151,0.2,0.44997638463974,-0.0019079586106812486
,,,4770,,,,159,2.05,19644,-0.26402500999999995,0,0.79,,,,,,,,,,
0,2287,1.48,4800,0.9,4800,-0.11776693377643824,,,,,,,-0.007836222462356091,0.0618816614151001,795,0.0,0.13655695766210557,0.001,0.0,0.2,0.45705682039260864,3.616015149532359e-08
,,,4800,,,,160,1.96,19767,-0.21659837000000004,0,0.82,,,,,,,,,,
0,2306,1.24,4830,0.96,4830,-0.04945211054291576,,,,,,,-0.009147471003234386,0.057755518704652786,800,0.0,0.1785443276166916,0.001,7.152558e-08,0.2,-43.56658172607422,-5.0395330181629563e-05
,,,4830,,,,161,1.87,19880,-0.20616663000000002,0,0.83,,,,,,,,,,
0,2320,1.46,4860,0.92,4860,-0.0725660612527281,,,,,,,-0.007907914370298386,0.0635111853480339,805,0.0,0.13406692147254945,0.001,0.0,0.2,0.5195881724357605,-5.364418065312293e-08
,,,4860,,,,162,1.85,20010,-0.17458966000000004,0,0.84,,,,,,,,,,
0,2334,1.34,4890,0.92,4890,-0.09319825637619943,,,,,,,-0.007878407649695874,0.06226186081767082,810,0.0,0.1487406611442566,0.001,0.0,0.2,0.09896457195281982,1.6291936910661775e-08
,,,4890,,,,163,1.81,20131,-0.13848093000000003,0,0.85,,,,,,,,,,
0,2346,1.42,4920,0.94,4920,-0.07831141396425664,,,,,,,-0.02792787030339241,0.07002322375774384,815,0.026666668057441712,0.1572818338871002,0.001,0.05373887,0.2,0.1927328109741211,-0.002253078610325865
,,,4920,,,,164,1.91,20261,-0.13949201999999997,0,0.83,,,,,,,,,,
0,2364,1.42,4950,0.92,4950,-0.0936138005135581,,,,,,,-0.07443570047616958,0.07694340497255325,820,0.026666668057441712,0.19365833699703217,0.001,0.088001825,0.2,-0.08511507511138916,-0.007579127885401249
,,,4950,,,,165,1.93,20382,-0.15132553,0,0.83,,,,,,,,,,
0,2380,1.22,4980,0.98,4980,-0.02973145025316626,,,,,,,-0.008099072985351086,0.06123783811926842,825,0.0,0.12778254896402358,0.001,1.9868216e-09,0.2,0.4572959542274475,2.7847290100524447e-06
,,,4980,,,,166,1.92,20490,-0.15182807,0,0.83,,,,,,,,,,
0,2391,1.38,5010,0.94,5010,-0.0717246268177405,,,,,,,-0.00841116588562727,0.08053190261125565,830,0.0,0.16826509237289428,0.001,3.973643e-09,0.2,0.15287864208221436,2.959171935401628e-06
,,,5010,,,,167,2.05,20621,-0.20531752,0,0.8,,,,,,,,,,
0,2406,1.38,5040,0.94,5040,-0.07274438815191388,,,,,,,-0.007813680171966552,0.12823668122291565,835,0.0,0.3160907387733459,0.001,0.0,0.2,0.08736556768417358,2.5033949313524317e-08
,,,5040,,,,168,2.1,20740,-0.20631312999999998,0,0.79,,,,,,,,,,
0,2418,1.4,5070,0.92,5070,-0.055990220587700604,,,,,,,-0.0077974947169423105,0.11689209938049316,840,0.0,0.22136357426643372,0.001,0.0,0.2,0.4370797872543335,3.4968058937323574e-08
,,,5070,,,,169,2.11,20862,-0.22041680000000002,0,0.78,,,,,,,,,,
0,2434,1.24,5100,0.96,5100,-0.049912583171389996,,,,,,,-0.007793179806321859,0.08988598734140396,845,0.0,0.20446786284446716,0.001,0.0,0.2,0.2749277949333191,-3.4570694396052205e-08
,,,5100,,,,170,2.11,20974,-0.22105432000000003,0,0.78,,,,,,,,,,
0,2450,1.8,5130,0.88,5130,-0.15220755438786,,,,,,,-0.007856478169560432,0.050045695155858994,850,0.0,0.11919519156217576,0.001,0.0,0.2,0.29664260149002075,4.3312709863130294e-08
,,,5130,,,,171,2.03,21114,-0.22287748999999996,0,0.8,,,,,,,,,,
0,2462,1.46,5160,0.92,5160,-0.0924681390216574,,,,,,,-0.010665743425488473,0.1452185958623886,855,0.0,0.30510011315345764,0.001,0.0,0.2,-0.5434430837631226,-1.3177593753965767e-07
,,,5160,,,,172,2.11,21238,-0.23181635999999997,0,0.78,,,,,,,,,,
0,2478,1.42,5190,0.92,5190,-0.09240055036731064,,,,,,,-0.007775824051350355,0.11873628944158554,860,0.0,0.26864232420921325,0.001,0.0,0.2,-0.32616448402404785,2.0662944155702688e-08
,,,5190,,,,173,2.12,21368,-0.22994536,0,0.78,,,,,,,,,,
0,2492,1.36,5220,0.92,5220,-0.0711465949844569,,,,,,,-0.06474058330059052,0.05479501932859421,865,0.0,0.12084716856479645,0.001,0.00010797977,0.2,0.5430381298065186,-0.0009363579955724788
,,,5220,,,,174,2.09,21496,-0.21011707999999998,0,0.79,,,,,,,,,,
0,2509,1.26,5250,0.98,5250,-0.009388256785459816,,,,,,,-0.06614784598350525,0.06891435384750366,870,0.026666668057441712,0.14557008743286132,0.001,0.031091206,0.2,0.3830907344818115,-0.0021140695021797384
,,,5250,,,,175,2.07,21605,-0.21271278,0,0.8,,,,,,,,,,
0,2526,1.32,5280,0.96,5280,-0.05058047689497471,,,,,,,-0.0665693998336792,0.07322382181882858,875,0.0,0.16057963371276857,0.001,0.00023962061,0.2,0.33085596561431885,-0.00028598069834195883
,,,5280,,,,176,1.95,21722,-0.18578083000000004,0,0.84,,,,,,,,,,
0,2543,1.3,5310,0.98,5310,-0.030211836360394956,,,,,,,-0.04252928718924522,0.050388313829898834,880,0.013333334028720856,0.11391710489988327,0.001,0.012427473,0.2,0.47303664684295654,-0.0008919855017058609
,,,5310,,,,177,1.93,21837,-0.18578725,0,0.84,,,,,,,,,,
0,2560,1.54,5340,0.9,5340,-0.11741460461169481,,,,,,,-0.00858470406383276,0.09166199713945389,885,0.0,0.1987057775259018,0.001,2.3841858e-08,0.2,0.1697983741760254,-3.345807357391095e-07
,,,5340,,,,178,1.89,21969,-0.17854889,0,0.86,,,,,,,,,,
0,2575,1.44,5370,0.94,5370,-0.0763820660393685,,,,,,,-0.10009104758501053,0.09738745540380478,890,0.020000001043081285,0.2637294292449951,0.001,0.0053728223,0.2,-0.24170517921447754,-0.010462069728722056
,,,5370,,,,179,1.81,22101,-0.17068455999999999,0,0.87,,,,,,,,,,
0,2585,1.34,5400,0.94,5400,-0.0740297347214073,,,,,,,-0.08070104271173477,0.04378046467900276,895,0.0,0.09525470584630966,0.001,0.0001116395,0.2,0.6415704488754272,-0.0004219297547146006
,,,5400,,,,180,1.97,22219,-0.21923065,0,0.82,,,,,,,,,,
0,2600,1.34,5430,0.96,5430,-0.05196023549418896,,,,,,,-0.008603302203118801,0.07680725306272507,900,0.0,0.1685623586177826,0.001,1.9868216e-09,0.2,0.14365911483764648,5.589723468801822e-06
,,,5430,,,,181,1.89,22331,-0.2026134,0,0.83,,,,,,,,,,
0,2613,1.78,5460,0.84,5460,-0.18062017769552768,,,,,,,-0.014995911531150341,0.07824539393186569,905,0.0,0.16511598825454712,0.001,6.897449e-05,0.2,0.31239962577819824,-0.0007839615181246984
,,,5460,,,,182,2.02,22582,-0.23686244,0,0.8,,,,,,,,,,
0,2627,1.3,5490,0.96,5490,-0.0497061341907829,,,,,,,-0.008126129768788815,0.09181998670101166,910,0.0,0.19577564001083375,0.001,0.0,0.2,0.20141494274139404,-1.5338261505348783e-07
,,,5490,,,,183,2.09,22702,-0.26041069,0,0.78,,,,,,,,,,
0,2641,1.34,5520,0.94,5520,-0.07057313156779856,,,,,,,-0.011772049777209758,0.09408945590257645,915,0.0,0.20097311735153198,0.001,3.7431716e-06,0.2,0.17260003089904785,-0.0001767166452676161
,,,5520,,,,184,2.15,22823,-0.2811269,0,0.76,,,,,,,,,,
0,2655,1.4,5550,0.92,5550,-0.07309456784743816,,,,,,,-0.008998206816613674,0.09644303470849991,920,0.0,0.2162097603082657,0.001,1.1920929e-08,0.2,0.11317884922027588,-7.070700267064467e-06
,,,5550,,,,185,2.2,22943,-0.29256104,0,0.75,,,,,,,,,,
0,2666,1.26,5580,0.96,5580,-0.030221162014640868,,,,,,,-0.14615679085254668,0.09620758891105652,925,0.046666669100522994,0.22112411856651307,0.001,0.10538832,0.2,0.19839781522750854,-0.007390610066553194
,,,5580,,,,186,2.31,23066,-0.32405434000000005,0,0.72,,,,,,,,,,
0,2684,1.38,5610,0.96,5610,-0.053215235751122233,,,,,,,-0.008115885965526103,0.07940986007452011,930,0.0,0.16827876269817352,0.001,3.973643e-09,0.2,0.27885210514068604,-6.520747920113479e-06
,,,5610,,,,187,2.13,23184,-0.28217384,0,0.77,,,,,,,,,,
0,2699,1.44,5640,0.92,5640,-0.07219941694755107,,,,,,,-0.05991247147321701,0.05052734166383743,935,0.0,0.11921405792236328,0.001,0.00013329982,0.2,0.600663423538208,-0.0006424522374679498
,,,5640,,,,188,2.13,23306,-0.28661389000000004,0,0.77,,,,,,,,,,
0,2714,1.16,5670,1.0,5670,-0.008056574231013656,,,,,,,-0.007949609868228435,0.04081542044878006,940,0.0,0.09624684751033782,0.001,0.0,0.2,0.6377977132797241,-4.1544437614504657e-07
,,,5670,,,,189,2.04,23429,-0.27015232000000006,0,0.78,,,,,,,,,,
0,2734,1.28,5700,0.96,5700,-0.052985395644791426,,,,,,,-0.007926099374890328,0.13259492814540863,945,0.0,0.27862438559532166,0.001,0.0,0.2,-0.07343137264251709,9.218851815262497e-08
,,,5700,,,,190,2.01,23548,-0.24655398,0,0.8,,,,,,,,,,
0,2752,1.54,5730,0.9,5730,-0.09436758538708091,,,,,,,-0.00803052969276905,0.050855398178100586,950,0.0,0.14988693594932556,0.001,0.0,0.2,-0.23256921768188477,4.704793305165822e-07
,,,5730,,,,191,1.85,23680,-0.19888852000000004,0,0.84,,,,,,,,,,
0,2767,1.3,5760,0.96,5760,-0.03042351087555289,,,,,,,-0.007944323308765888,0.10232460498809814,955,0.0,0.2039295941591263,0.001,0.0,0.2,0.3171811103820801,-5.3644180297851564e-08
,,,5760,,,,192,1.75,23797,-0.14872116,0,0.87,,,,,,,,,,
0,2776,1.42,5790,0.92,5790,-0.0952362370211631,,,,,,,-0.008802194334566592,0.05837540328502655,960,0.0,0.13083761930465698,0.001,0.0,0.2,-0.07336223125457764,7.549921807736836e-08
,,,5790,,,,193,1.94,23928,-0.2173088,0,0.81,,,,,,,,,,
0,2789,1.5,5820,0.92,5820,-0.07553963114507496,,,,,,,-0.011477143503725529,0.13312259316444397,965,0.0,0.33559414744377136,0.001,6.357829e-08,0.2,0.26633691787719727,-6.37745851179261e-05
,,,5820,,,,194,1.98,24048,-0.21095271999999998,0,0.81,,,,,,,,,,
0,2801,1.38,5850,0.96,5850,-0.058222822081297636,,,,,,,-0.007956264913082123,0.10808218270540237,970,0.0,0.2178874582052231,0.001,0.0,0.2,0.021410882472991943,2.439816786381499e-07
,,,5850,,,,195,2.07,24163,-0.21159859,0,0.81,,,,,,,,,,
0,2819,1.38,5880,0.96,5880,-0.051028087250888345,,,,,,,-0.05776186585426331,0.11751725524663925,975,0.0,0.2699300318956375,0.001,5.058845e-05,0.2,-0.25380098819732666,-0.0007346463263576908
,,,5880,,,,196,2.01,24290,-0.18413285999999998,0,0.83,,,,,,,,,,
0,2837,1.46,5910,0.96,5910,-0.054310613758862016,,,,,,,-0.008152461796998977,0.0604393444955349,980,0.0,0.14059023261070253,0.001,0.0,0.2,0.13478708267211914,-5.861123497652443e-08
,,,5910,,,,197,2.05,24415,-0.20639244999999998,0,0.81,,,,,,,,,,
0,2848,1.34,5940,0.96,5940,-0.06768561927601695,,,,,,,-0.008025256171822547,0.09694760292768478,985,0.0,0.19434128999710082,0.001,0.0,0.2,0.1698625087738037,2.3841858709516828e-08
,,,5940,,,,198,2.14,24525,-0.21087688000000004,0,0.8,,,,,,,,,,
0,2865,1.48,5970,0.9,5970,-0.11517077861353756,,,,,,,-0.040493544191122055,0.08235956728458405,990,0.0,0.1759807974100113,0.001,1.0172526e-05,0.2,-0.04015147686004639,-1.5902518802235476e-06
,,,5970,,,,199,2.16,24650,-0.22450074999999997,0,0.8,,,,,,,,,,
0,2880,1.3,6000,0.96,6000,-0.04987677157390863,,,,,,,-0.008127310499548911,0.07368297874927521,995,0.0,0.15331103801727294,0.001,0.0,0.2,0.22218912839889526,3.258387355487003e-08
,,,6000,,,,200,2.0,24761,-0.16677077000000004,0,0.84,,,,,,,,,,
0,2893,1.2,6030,0.98,6030,-0.02956343158148229,,,,,,,-0.008127747848629952,0.09621301293373108,1000,0.0,0.1992173284292221,0.001,0.0,0.2,0.05289649963378906,-1.1523564946713804e-08
,,,6030,,,,201,1.94,24863,-0.15686335,0,0.86,,,,,,,,,,
0,2906,1.48,6060,0.92,6060,-0.09284902121406048,,,,,,,-0.05176603198051453,0.10063149034976959,1005,0.0,0.20701412558555604,0.001,1.2318293e-07,0.2,0.16174912452697754,3.743171678394219e-07
,,,6060,,,,202,2.01,24986,-0.18174458999999998,0,0.83,,,,,,,,,,
0,2917,1.58,6090,0.88,6090,-0.14414100429043175,,,,,,,-0.00808913130313158,0.07153461873531342,1010,0.0,0.15962953865528107,0.001,0.0,0.2,0.4650663733482361,-1.5497207961345794e-08
,,,6090,,,,203,2.13,25114,-0.21854689,0,0.8,,,,,,,,,,
0,2935,1.5,6120,0.94,6120,-0.05624973725061864,,,,,,,-0.008094588480889797,0.06557127088308334,1015,0.0,0.142642942070961,0.001,0.0,0.2,0.39909136295318604,-2.3841858265427618e-08
,,,6120,,,,204,2.15,25240,-0.22779068000000002,0,0.8,,,,,,,,,,
0,2951,1.44,6150,0.92,6150,-0.09199021972715854,,,,,,,-0.00815847162157297,0.057129595428705215,1020,0.0,0.13253410309553146,0.001,0.0,0.2,0.5545477867126465,-2.3841858620698984e-08
,,,6150,,,,205,2.02,25356,-0.22647969999999998,0,0.81,,,,,,,,,,
0,2974,1.26,6180,0.96,6180,-0.029932736568152905,,,,,,,-0.008096790686249734,0.07727646827697754,1025,0.0,0.16815049052238465,0.001,0.0,0.2,0.41570258140563965,-1.2715657771167344e-08
,,,6180,,,,206,1.91,25480,-0.21315316999999998,0,0.83,,,,,,,,,,
0,2992,1.42,6210,0.92,6210,-0.07190672346390783,,,,,,,-0.008642889745533466,0.06729567795991898,1030,0.0,0.144653382897377,0.001,0.0,0.2,0.02784407138824463,-2.3523966286020936e-07
,,,6210,,,,207,1.85,25599,-0.20177021999999997,0,0.83,,,,,,,,,,
0,3008,1.22,6240,0.98,6240,-0.00976942286361009,,,,,,,-0.008347731083631516,0.08614164590835571,1035,0.0,0.19907118380069733,0.001,0.0006418665,0.2,0.0221136212348938,-0.0013185048277955858
,,,6240,,,,208,1.73,25714,-0.17724003,0,0.86,,,,,,,,,,
0,3025,1.36,6270,0.94,6270,-0.07123360183555633,,,,,,,-0.006947850249707699,0.10315240174531937,1040,0.0,0.23542689979076387,0.001,0.0,0.2,0.1814272403717041,-3.3527612544048677e-07
,,,6270,,,,209,1.71,25828,-0.16390090000000004,0,0.88,,,,,,,,,,
0,3036,1.3,6300,0.98,6300,-0.030534663554280996,,,,,,,-0.0061977550387382506,0.09503712505102158,1045,0.0,0.18899942934513092,0.001,0.0,0.2,0.23508548736572266,-1.4026959935797833e-07
,,,6300,,,,210,1.76,25934,-0.18344886999999999,0,0.86,,,,,,,,,,
0,3059,1.48,6330,0.9,6330,-0.09621505237184465,,,,,,,-0.050897467881441116,0.07025399804115295,1050,0.0,0.16328564584255217,0.001,2.459685e-05,0.2,0.21815478801727295,-0.0005356915850037502
,,,6330,,,,211,1.64,26051,-0.15634798000000003,0,0.88,,,,,,,,,,
0,3073,1.46,6360,0.94,6360,-0.0740719349309802,,,,,,,-0.02739885225892067,0.07519326359033585,1055,0.0,0.1607222557067871,0.001,4.8778453e-05,0.2,0.5159561634063721,-1.2828111812268616e-05
,,,6360,,,,212,1.81,26171,-0.18077026,0,0.86,,,,,,,,,,
0,3088,1.52,6390,0.9,6390,-0.09354539370629937,,,,,,,-0.005614751297980547,0.11274638772010803,1060,0.0,0.27324272990226744,0.001,0.0,0.2,0.12635767459869385,-3.178914482759865e-08
,,,6390,,,,213,1.85,26302,-0.18157528000000003,0,0.85,,,,,,,,,,
0,3105,1.42,6420,0.9,6420,-0.11318797138519585,,,,,,,-0.0054709907621145245,0.038148462772369385,1065,0.0,0.0795766532421112,0.001,0.0,0.2,0.6139280796051025,-5.125999535948722e-08
,,,6420,,,,214,1.91,26420,-0.19009513000000003,0,0.83,,,,,,,,,,
0,3113,1.34,6450,0.96,6450,-0.031783143249340354,,,,,,,-0.056287164241075514,0.09289088845252991,1070,0.0,0.1997310996055603,0.001,3.459056e-05,0.2,0.3839750289916992,-8.115649193030094e-05
,,,6450,,,,215,1.97,26534,-0.21571816,0,0.81,,,,,,,,,,
0,3125,1.28,6480,0.98,6480,-0.030555946826934813,,,,,,,-0.0055347376503050326,0.09387568384408951,1075,0.0,0.24845067262649537,0.001,0.0,0.2,-0.13502180576324463,-3.532568598529906e-07
,,,6480,,,,216,2.1,26643,-0.2360811,0,0.78,,,,,,,,,,
0,3137,1.6,6510,0.9,6510,-0.0961037230398506,,,,,,,-0.040539494901895526,0.11487332731485367,1080,0.013333334028720856,0.2592183709144592,0.001,0.0022758762,0.2,-0.36170685291290283,-0.006473910383259352
,,,6510,,,,217,2.08,26767,-0.23153400000000002,0,0.79,,,,,,,,,,
0,3153,1.58,6540,0.9,6540,-0.07368392201140522,,,,,,,-0.021813878789544106,0.10340695828199387,1085,0.026666668057441712,0.22915737330913544,0.001,0.010297393,0.2,0.23327070474624634,-0.0034492108039557933
,,,6540,,,,218,2.17,26894,-0.24005463999999996,0,0.77,,,,,,,,,,
0,3166,1.24,6570,0.98,6570,-0.029627598454244435,,,,,,,-0.005592881608754397,0.13051271438598633,1090,0.0,0.26325120627880094,0.001,0.0,0.2,0.3626863360404968,5.761782269075866e-08
,,,6570,,,,219,2.26,27000,-0.27059141,0,0.74,,,,,,,,,,
0,3182,1.5,6600,0.88,6600,-0.1343188501195982,,,,,,,-0.056362026184797284,0.07864338904619217,1095,0.0,0.18814660608768463,0.001,0.00034632286,0.2,0.3733944296836853,-0.0002541288934544639
,,,6600,,,,220,2.2,27126,-0.26501518,0,0.76,,,,,,,,,,
0,3196,1.26,6630,0.96,6630,-0.049473721035756174,,,,,,,-0.005924204830080271,0.11885285377502441,1100,0.0,0.24059557914733887,0.001,0.0,0.2,0.18303358554840088,1.3510386018822373e-07
,,,6630,,,,221,2.25,27234,-0.26432535,0,0.76,,,,,,,,,,
0,3211,1.42,6660,0.96,6660,-0.05247189538553357,,,,,,,-0.005747673008590937,0.07295139133930206,1105,0.0,0.14854660928249358,0.001,0.0,0.2,0.20769637823104858,-1.8278758062706402e-08
,,,6660,,,,222,2.19,27369,-0.23976967999999996,0,0.79,,,,,,,,,,
0,3223,1.42,6690,0.96,6690,-0.05128430529963225,,,,,,,-0.005725491978228092,0.06183826923370361,1110,0.0,0.13173580467700957,0.001,0.0,0.2,0.3747655153274536,-4.1524570093542935e-08
,,,6690,,,,223,2.15,27511,-0.23297678000000002,0,0.8,,,,,,,,,,
0,3237,1.26,6720,0.96,6720,-0.02966190373059362,,,,,,,-0.005722064338624477,0.07024174928665161,1115,0.0,0.14510175585746765,0.001,0.0,0.2,0.27088528871536255,1.9073487145249145e-08
,,,6720,,,,224,2.09,27626,-0.19640661,0,0.82,,,,,,,,,,
0,3258,1.46,6750,0.9,6750,-0.07285006389487535,,,,,,,-0.03280383534729481,0.0682569295167923,1120,0.026666668057441712,0.1842552602291107,0.001,0.13836752,0.2,0.17367857694625854,-0.012770033751924714
,,,6750,,,,225,1.97,27748,-0.16772482000000008,0,0.85,,,,,,,,,,
0,3271,1.28,6780,0.94,6780,-0.06954596955794841,,,,,,,-0.00573549447581172,0.03148399293422699,1125,0.0,0.08496538698673248,0.001,0.0,0.2,-1.4711439609527588,3.854433856531614e-08
,,,6780,,,,226,1.99,27864,-0.18189016000000002,0,0.84,,,,,,,,,,
0,3289,1.6,6810,0.9,6810,-0.09613486919552088,,,,,,,-0.006019304785877466,0.10945715755224228,1130,0.0,0.2171997457742691,0.001,0.0,0.2,0.3238741159439087,5.011955857980866e-06
,,,6810,,,,227,1.91,27991,-0.16598973,0,0.85,,,,,,,,,,
0,3304,1.26,6840,1.0,6840,-0.009961590114980936,,,,,,,-0.005820810049772263,0.09297847002744675,1135,0.0,0.21411894857883454,0.001,0.00012574594,0.2,0.1727464199066162,-0.0006246578827266092
,,,6840,,,,228,1.97,28100,-0.19087099,0,0.83,,,,,,,,,,
0,3321,1.26,6870,0.96,6870,-0.029296111981384456,,,,,,,-0.053011804819107056,0.07910064607858658,1140,0.013333334028720856,0.1674107700586319,0.001,0.002710706,0.2,0.17886441946029663,-0.0024203750623079225
,,,6870,,,,229,1.82,28211,-0.15708898999999998,0,0.86,,,,,,,,,,
0,3340,1.42,6900,0.98,6900,-0.012303454149514437,,,,,,,-0.007145416270941496,0.078507199883461,1145,0.0,0.17119558155536652,0.001,0.0,0.2,0.2830103039741516,-1.7484029601888552e-08
,,,6900,,,,230,1.77,28335,-0.14515496,0,0.88,,,,,,,,,,
0,3355,1.3,6930,0.96,6930,-0.02995454184245318,,,,,,,-0.00754662724211812,0.04904857650399208,1150,0.0,0.1213306650519371,0.001,0.0,0.2,-0.019943952560424805,-1.6530354507438005e-07
,,,6930,,,,231,1.86,28454,-0.16406018000000003,0,0.86,,,,,,,,,,
0,3368,1.24,6960,0.96,6960,-0.049535410706885157,,,,,,,-0.007805723324418068,0.07118529826402664,1155,0.0,0.1435543954372406,0.001,0.0,0.2,0.3265252113342285,-6.953875266724197e-08
,,,6960,,,,232,1.85,28570,-0.17219342,0,0.86,,,,,,,,,,
0,3384,1.44,6990,0.94,6990,-0.07292165978811681,,,,,,,-0.007960072346031665,0.1121257096529007,1160,0.0,0.2773050367832184,0.001,0.0,0.2,0.2686932682991028,3.93390664044091e-08
,,,6990,,,,233,1.89,28702,-0.17931459,0,0.85,,,,,,,,,,
0,3398,1.3,7020,0.96,7020,-0.05053345758933574,,,,,,,-0.008187590911984444,0.05683651939034462,1165,0.0,0.11653429567813874,0.001,0.0,0.2,0.4645771384239197,4.728635261130876e-08
,,,7020,,,,234,1.89,28811,-0.18862180000000003,0,0.84,,,,,,,,,,
0,3412,1.22,7050,1.0,7050,-0.010051248506642877,,,,,,,-0.008118379488587379,0.10645963251590729,1170,0.0,0.21961365938186644,0.001,0.0,0.2,0.007476747035980225,1.1722245929490782e-08
,,,7050,,,,235,1.95,28913,-0.20121458,0,0.83,,,,,,,,,,
0,3428,1.62,7080,0.88,7080,-0.11879469329025596,,,,,,,-0.00813666582107544,0.0953773483633995,1175,0.0,0.21075003147125243,0.001,0.0,0.2,0.1021888256072998,1.4305114781620887e-08
,,,7080,,,,236,2.0,29039,-0.21560574,0,0.81,,,,,,,,,,
0,3443,1.32,7110,0.96,7110,-0.049941713572479784,,,,,,,-0.008141610585153104,0.11991734802722931,1180,0.0,0.2625892996788025,0.001,0.0,0.2,0.053523242473602295,2.781550456631976e-09
,,,7110,,,,237,2.07,29170,-0.25901831,0,0.78,,,,,,,,,,
0,3456,1.22,7140,0.96,7140,-0.049421129641123114,,,,,,,-0.008193165436387062,0.14528116583824158,1185,0.0,0.30375465750694275,0.001,0.0,0.2,0.2764795422554016,-1.7484029690706392e-08
,,,7140,,,,238,2.04,29277,-0.25383661,0,0.79,,,,,,,,,,
0,3464,1.46,7170,0.92,7170,-0.10285037534311414,,,,,,,-0.00821636151522398,0.11292187869548798,1190,0.0,0.2289871782064438,0.001,0.0,0.2,0.1625293493270874,-1.3907749973895989e-08
,,,7170,,,,239,2.16,29388,-0.28853892000000003,0,0.76,,,,,,,,,,
0,3476,1.22,7200,0.96,7200,-0.049200495947152374,,,,,,,-0.00815597753971815,0.040439292788505554,1195,0.0,0.11144144237041473,0.001,0.0,0.2,0.3046669363975525,-6.655852402559503e-09
,,,7200,,,,240,2.25,29497,-0.31772161,0,0.73,,,,,,,,,,
0,3496,1.26,7230,0.96,7230,-0.029831510330550374,,,,,,,-0.008820481225848198,0.04015037417411804,1200,0.0,0.08321782648563385,0.001,0.0,0.2,0.6408061385154724,-8.702277977334915e-07
,,,7230,,,,241,2.12,29615,-0.28927386,0,0.76,,,,,,,,,,
0,3513,1.58,7260,0.9,7260,-0.09724999903235584,,,,,,,-0.00815927516669035,0.13770055770874023,1205,0.0,0.31892343163490294,0.001,0.0,0.2,0.34735697507858276,1.231829278580676e-08
,,,7260,,,,242,2.06,29752,-0.26673319999999995,0,0.78,,,,,,,,,,
0,3531,1.5,7290,0.9,7290,-0.09316788203082979,,,,,,,-0.00876640696078539,0.050897467881441116,1210,0.0,0.13415584117174148,0.001,0.0,0.2,0.46637797355651855,1.9103289368160857e-07
,,,7290,,,,243,2.06,29912,-0.2599009,0,0.79,,,,,,,,,,
0,3547,1.5,7320,0.92,7320,-0.09347139815799892,,,,,,,-0.008184491470456124,0.07135374844074249,1215,0.0,0.15027529895305633,0.001,0.0,0.2,-0.13088572025299072,-1.8278758151524245e-08
,,,7320,,,,244,2.05,30054,-0.25129161999999994,0,0.8,,,,,,,,,,
0,3560,1.38,7350,0.94,7350,-0.07190514779649675,,,,,,,-0.0081532908603549,0.26422053575515747,1220,0.0,0.5447788596153259,0.001,0.0,0.2,-0.11656618118286133,4.5100846790546714e-08
,,,7350,,,,245,1.95,30176,-0.21306886999999997,0,0.84,,,,,,,,,,
0,3581,1.34,7380,0.92,7380,-0.09051508400123566,,,,,,,-0.04435705617070198,0.049687936902046204,1225,0.0,0.1224440410733223,0.001,0.0001375238,0.2,0.5440845489501953,-0.0008432461602687624
,,,7380,,,,246,1.69,30290,-0.12230161999999999,0,0.91,,,,,,,,,,
0,3597,1.32,7410,0.96,7410,-0.05171395597513765,,,,,,,-0.00821593776345253,0.049460455775260925,1230,0.0,0.10035388320684432,0.001,0.0,0.2,-7.0796403884887695,-1.1324882365215672e-08
,,,7410,,,,247,1.77,30402,-0.12634857,0,0.9,,,,,,,,,,
0,3618,1.38,7440,0.94,7440,-0.07470436153933406,,,,,,,-0.008271769247949123,0.061074089258909225,1235,0.0,0.1319671168923378,0.001,0.0,0.2,0.22868698835372925,5.155801705569729e-08
,,,7440,,,,248,1.69,30520,-0.10866917000000001,0,0.91,,,,,,,,,,
0,3631,1.44,7470,0.94,7470,-0.07877676186617463,,,,,,,-0.00827515907585621,0.03663432225584984,1240,0.0,0.07511288821697235,0.001,0.0,0.2,0.4027324914932251,7.549921576810448e-09
,,,7470,,,,249,1.81,30644,-0.1454497,0,0.88,,,,,,,,,,
0,3643,1.38,7500,0.92,7500,-0.07223687927238644,,,,,,,-0.008299516327679158,0.15165352821350098,1245,0.0,0.34812073707580565,0.001,0.0,0.2,0.18671554327011108,1.1523564991122726e-08
,,,7500,,,,250,1.93,30763,-0.18945685999999995,0,0.84,,,,,,,,,,
0,3665,1.24,7530,0.98,7530,-0.031307912827469406,,,,,,,-0.00829510185867548,0.07431559264659882,1250,0.0,0.20658023059368133,0.001,0.0,0.2,0.30332398414611816,6.755193204810439e-09
,,,7530,,,,251,1.73,30879,-0.13775519,0,0.87,,,,,,,,,,
0,3679,1.5,7560,0.94,7560,-0.05349954302422702,,,,,,,-0.008281804621219635,0.12291561812162399,1255,0.0,0.21662378311157227,0.001,0.0,0.2,0.3885045647621155,1.4702478345895997e-08
,,,7560,,,,252,1.87,31001,-0.17333559,0,0.84,,,,,,,,,,
0,3694,1.22,7590,0.98,7590,-0.03084365142509341,,,,,,,-0.03387627378106117,0.10855665802955627,1260,0.006666667014360428,0.25573535561561583,0.001,0.001260376,0.2,0.06105929613113403,-0.0038458287576212057
,,,7590,,,,253,1.85,31107,-0.1802357,0,0.85,,,,,,,,,,
0,3708,1.22,7620,0.98,7620,-0.009751669568940998,,,,,,,-0.008547799102962017,0.07709452509880066,1265,0.0,0.17558099329471588,0.001,0.0,0.2,0.2698795795440674,9.934108113895946e-09
,,,7620,,,,254,1.91,31209,-0.20209653999999996,0,0.84,,,,,,,,,,
0,3724,1.52,7650,0.9,7650,-0.09449492800515145,,,,,,,-0.008747258968651295,0.14922213554382324,1270,0.0,0.2851081252098083,0.001,0.0,0.2,0.24350500106811523,2.3841858620698984e-08
,,,7650,,,,255,1.95,31329,-0.22202247,0,0.82,,,,,,,,,,
0,3735,1.22,7680,0.96,7680,-0.05238760238513351,,,,,,,-0.008712247759103776,0.08175717294216156,1275,0.0,0.18797321021556854,0.001,0.0,0.2,0.27409976720809937,-5.165736105539054e-09
,,,7680,,,,256,2.03,31437,-0.24004010000000003,0,0.8,,,,,,,,,,
0,3751,1.44,7710,0.9,7710,-0.07458411237690597,,,,,,,-0.008735193312168122,0.06119662895798683,1280,0.0,0.18350037038326264,0.001,0.0,0.2,0.21888136863708496,6.71545670627438e-08
,,,7710,,,,257,1.94,31558,-0.1960154,0,0.83,,,,,,,,,,
0,3771,1.38,7740,0.94,7740,-0.052277366127818824,,,,,,,-0.008910765312612057,0.19321048259735107,1285,0.0,0.34224543571472166,0.001,0.0,0.2,0.23631083965301514,-4.182259090157459e-08
,,,7740,,,,258,1.93,31671,-0.19936675999999998,0,0.83,,,,,,,,,,
0,3789,1.3,7770,0.96,7770,-0.05090784300584346,,,,,,,-0.009194872714579106,0.14140884578227997,1290,0.0,0.30949142575263977,0.001,0.0,0.2,0.2739022374153137,4.609425836576975e-08
,,,7770,,,,259,1.87,31780,-0.19552779,0,0.83,,,,,,,,,,
0,3802,1.44,7800,0.92,7800,-0.07317018204834312,,,,,,,-0.008810677751898765,0.0846695601940155,1295,0.0,0.1943899005651474,0.001,0.0,0.2,0.3039262890815735,1.549720787252795e-08
,,,7800,,,,260,1.92,31909,-0.19557822000000002,0,0.82,,,,,,,,,,
0,3812,1.28,7830,0.96,7830,-0.0502806333778426,,,,,,,-0.008791535720229149,0.09392470866441727,1300,0.0,0.20524761974811553,0.001,0.0,0.2,-0.01900660991668701,4.768371386631998e-09
,,,7830,,,,261,1.99,32023,-0.20931107000000002,0,0.8,,,,,,,,,,
0,3826,1.42,7860,0.96,7860,-0.05307829236611724,,,,,,,-0.008888212032616138,0.09945696592330933,1305,0.0,0.20932854115962982,0.001,0.0,0.2,0.44728004932403564,4.212061597286265e-08
,,,7860,,,,262,2.0,32161,-0.20182856999999998,0,0.81,,,,,,,,,,
0,3844,1.42,7890,0.94,7890,-0.07298385982867331,,,,,,,-0.008812976442277432,0.07096968591213226,1310,0.0,0.1448592722415924,0.001,0.0,0.2,0.031571269035339355,-2.1855038667695227e-09
,,,7890,,,,263,1.98,32287,-0.19357441,0,0.82,,,,,,,,,,
0,3860,1.5,7920,0.92,7920,-0.07274222303647548,,,,,,,-0.026387830823659898,0.05201613903045654,1315,0.0,0.11726286709308624,0.001,1.9947688e-06,0.2,0.47670358419418335,-0.0001881909352960065
,,,7920,,,,264,1.98,32413,-0.22306566000000003,0,0.81,,,,,,,,,,
0,3879,1.38,7950,0.94,7950,-0.0738073756545782,,,,,,,-0.00888143852353096,0.12855690717697144,1320,0.0,0.27176916003227236,0.001,0.0,0.2,0.20273905992507935,-3.8146973047048503e-08
,,,7950,,,,265,1.97,32531,-0.20911737,0,0.82,,,,,,,,,,
0,3894,1.26,7980,0.98,7980,-0.010696490798145532,,,,,,,-0.008982269279658794,0.13543733954429626,1325,0.0,0.27948884963989257,0.001,0.0,0.2,-0.027476787567138672,3.0001005058011285e-08
,,,7980,,,,266,1.94,32642,-0.21319694999999997,0,0.83,,,,,,,,,,
0,3905,1.12,8010,0.98,8010,-0.02920711934566498,,,,,,,-0.008988923020660877,0.12472563982009888,1330,0.0,0.27796659171581267,0.001,0.0,0.2,-0.01679551601409912,-2.1457672971791908e-08
,,,8010,,,,267,2.02,32746,-0.22673725,0,0.82,,,,,,,,,,
0,3923,1.18,8040,0.98,8040,-0.029669597391039134,,,,,,,-0.008997148275375367,0.11167122423648834,1335,0.0,0.21728743016719818,0.001,0.0,0.2,0.17906194925308228,1.788139361025287e-08
,,,8040,,,,268,1.87,32862,-0.20716242,0,0.84,,,,,,,,,,
0,3938,1.58,8070,0.9,8070,-0.11455197560135275,,,,,,,-0.009045428782701492,0.07618643343448639,1340,0.0,0.1686454951763153,0.001,0.0,0.2,0.3376117944717407,-3.9736454127137223e-10
,,,8070,,,,269,1.88,33000,-0.20643853,0,0.84,,,,,,,,,,
0,3950,1.48,8100,0.9,8100,-0.11686409601010382,,,,,,,-0.009061620198190212,0.08422134816646576,1345,0.0,0.17183183431625365,0.001,0.0,0.2,0.23481351137161255,1.509984368652795e-08
,,,8100,,,,270,1.94,33130,-0.22466130999999998,0,0.82,,,,,,,,,,
0,3964,1.44,8130,0.9,8130,-0.11401371292304248,,,,,,,-0.009030757658183574,0.08119682967662811,1350,0.0,0.168204727768898,0.001,0.0,0.2,0.38678592443466187,2.900759419333099e-08
,,,8130,,,,271,2.01,33260,-0.2577706,0,0.8,,,,,,,,,,
0,3983,1.46,8160,0.94,8160,-0.07285452942363918,,,,,,,-0.009011315181851387,0.10839702188968658,1355,0.0,0.22899354696273805,0.001,0.0,0.2,0.32832062244415283,1.5894572769070692e-09
,,,8160,,,,272,2.0,33390,-0.2604976,0,0.8,,,,,,,,,,
0,3994,1.28,8190,0.98,8190,-0.03121440873015672,,,,,,,-0.00902064349502325,0.1014396995306015,1360,0.0,0.22075392603874205,0.001,0.0,0.2,0.09824484586715698,1.589457365724911e-09
,,,8190,,,,273,2.09,33508,-0.26965857,0,0.78,,,,,,,,,,
0,4014,1.26,8220,0.94,8220,-0.07175308538135142,,,,,,,-0.00903983749449253,0.09491442888975143,1365,0.0,0.20910706222057343,0.001,0.0,0.2,0.07565152645111084,-2.622604418078822e-08
,,,8220,,,,274,1.96,33618,-0.23408822,0,0.8,,,,,,,,,,
0,4025,1.3,8250,0.96,8250,-0.050730457329191264,,,,,,,-0.00902427788823843,0.02585311233997345,1370,0.0,0.05585408806800842,0.001,0.0,0.2,0.5414844751358032,-7.053216855013034e-09
,,,8250,,,,275,2.0,33730,-0.22846505,0,0.8,,,,,,,,,,
0,4037,1.26,8280,0.98,8280,-0.03019787559751421,,,,,,,-0.008997649513185024,0.0992014929652214,1375,0.0,0.2174539417028427,0.001,0.0,0.2,-0.04893851280212402,3.1789145538141384e-09
,,,8280,,,,276,2.16,33848,-0.25744732,0,0.76,,,,,,,,,,
0,4049,1.5,8310,0.9,8310,-0.11490760082844645,,,,,,,-0.009026159532368183,0.11326543986797333,1380,0.0,0.24785048365592957,0.001,0.0,0.2,-0.011371493339538574,-2.1457672971791908e-08
,,,8310,,,,277,2.1,33977,-0.22827637999999997,0,0.79,,,,,,,,,,
0,4067,1.6,8340,0.88,8340,-0.1401167393056676,,,,,,,-0.00896394569426775,0.11758094280958176,1385,0.0,0.22661848068237306,0.001,0.0,0.2,0.21534353494644165,-7.549921399174764e-09
,,,8340,,,,278,2.07,34115,-0.21069296999999998,0,0.8,,,,,,,,,,
0,4083,1.6,8370,0.9,8370,-0.11818086279556156,,,,,,,-0.008997496031224728,0.12574170529842377,1390,0.0,0.25678262710571287,0.001,0.0,0.2,0.1408117413520813,3.4570694396052205e-08
,,,8370,,,,279,2.1,34260,-0.21821903999999998,0,0.79,,,,,,,,,,
0,4096,1.14,8400,0.98,8400,-0.03036424834281206,,,,,,,-0.00899325180798769,0.08090779930353165,1395,0.0,0.17333417236804963,0.001,0.0,0.2,0.24598759412765503,-7.54992166562829e-09
,,,8400,,,,280,2.06,34360,-0.22532947,0,0.79,,,,,,,,,,
0,4112,1.3,8430,0.96,8430,-0.050632147430442274,,,,,,,-0.009022978879511357,0.08139132708311081,1400,0.0,0.1728468656539917,0.001,0.0,0.2,0.23100680112838745,-1.1523564857895962e-08
,,,8430,,,,281,2.1,34490,-0.22573688000000003,0,0.79,,,,,,,,,,
0,4127,1.36,8460,0.92,8460,-0.09257343918550759,,,,,,,-0.008982229791581631,0.08191812038421631,1405,0.0,0.1789088875055313,0.001,0.0,0.2,0.2840820550918579,-4.8081080006312504e-08
,,,8460,,,,282,2.08,34605,-0.23919033999999997,0,0.79,,,,,,,,,,
0,4147,1.28,8490,0.96,8490,-0.053074491969309745,,,,,,,-0.00906605888158083,0.08302924782037735,1410,0.0,0.20447758138179778,0.001,0.0,0.2,0.23521697521209717,-5.0862631972847795e-08
,,,8490,,,,283,1.9,34720,-0.20878663,0,0.82,,,,,,,,,,
0,4162,1.26,8520,0.96,8520,-0.03107121378183365,,,,,,,-0.022879041358828546,0.04996851086616516,1415,0.026666668057441712,0.16006216704845427,0.001,0.008212773,0.2,0.301336407661438,-0.01746550242106153
,,,8520,,,,284,1.84,34830,-0.18563933,0,0.83,,,,,,,,,,
0,4178,1.28,8550,0.96,8550,-0.05013270766939968,,,,,,,-0.009119505248963832,0.15933427214622498,1420,0.0,0.356941944360733,0.001,0.0,0.2,-0.11767458915710449,4.867712455336459e-09
,,,8550,,,,285,1.94,34944,-0.20135452000000004,0,0.81,,,,,,,,,,
0,4199,1.44,8580,0.92,8580,-0.09330692666117102,,,,,,,-0.009147013537585735,0.07658755779266357,1425,0.0,0.16158136427402497,0.001,0.0,0.2,0.4005945920944214,3.0994416277962954e-08
,,,8580,,,,286,1.73,35070,-0.1563044,0,0.85,,,,,,,,,,
0,4211,1.4,8610,0.94,8610,-0.07931695903651416,,,,,,,-0.00918697826564312,0.05549868196249008,1430,0.0,0.11391097456216812,0.001,0.0,0.2,0.24718838930130005,1.9868215517249156e-09
,,,8610,,,,287,1.83,35193,-0.1859879,0,0.82,,,,,,,,,,
0,4226,1.52,8640,0.92,8640,-0.09539642065297813,,,,,,,-0.009208595752716065,0.11702170222997665,1435,0.0,0.2616684168577194,0.001,0.0,0.2,0.20510739088058472,-7.669131143472896e-08
,,,8640,,,,288,1.8,35318,-0.16693593999999998,0,0.84,,,,,,,,,,
0,4243,1.3,8670,0.94,8670,-0.07809855745173991,,,,,,,-0.04553766921162605,0.09039764851331711,1440,0.0,0.18411135971546172,0.001,1.312693e-05,0.2,0.10292160511016846,2.496639899618458e-06
,,,8670,,,,289,1.84,35431,-0.17424580000000003,0,0.83,,,,,,,,,,
0,4259,1.46,8700,0.92,8700,-0.09586336785927414,,,,,,,-0.009336010180413723,0.08911742269992828,1445,0.0,0.18755825459957123,0.001,0.0,0.2,0.1862332820892334,3.457069430723436e-08
,,,8700,,,,290,1.82,35647,-0.16601955999999998,0,0.84,,,,,,,,,,
0,4273,1.36,8730,0.92,8730,-0.05095815132837742,,,,,,,-0.00931156687438488,0.0919567421078682,1450,0.0,0.185983869433403,0.001,0.0,0.2,0.20718109607696533,1.947085088715994e-08
,,,8730,,,,291,1.95,35757,-0.19609100999999998,0,0.82,,,,,,,,,,
0,4286,1.3,8760,0.96,8760,-0.05440834544599056,,,,,,,-0.009314515627920628,0.10425616800785065,1455,0.0,0.21218522787094116,0.001,0.0,0.2,0.18332421779632568,4.768371253405235e-09
,,,8760,,,,292,1.94,35868,-0.20372823,0,0.82,,,,,,,,,,
0,4303,1.56,8790,0.9,8790,-0.0749825257062912,,,,,,,-0.009198052063584327,0.07780683785676956,1460,0.0,0.1642052114009857,0.001,0.0,0.2,0.283034086227417,-1.6689300963435015e-08
,,,8790,,,,293,2.05,35994,-0.23829672999999998,0,0.8,,,,,,,,,,
0,4315,1.28,8820,0.96,8820,-0.04964860432315618,,,,,,,-0.0092398501932621,0.1017935574054718,1465,0.0,0.20969170033931733,0.001,0.0,0.2,0.20674949884414673,-1.9470850531888573e-08
,,,8820,,,,294,1.96,36108,-0.21123813,0,0.83,,,,,,,,,,
0,4329,1.1,8850,0.98,8850,-0.027183360420167446,,,,,,,-0.009178829565644264,0.0855269730091095,1470,0.0,0.18742916882038116,0.001,0.0,0.2,0.16022229194641113,9.536743128535363e-09
,,,8850,,,,295,2.03,36215,-0.22959394,0,0.8,,,,,,,,,,
0,4340,1.48,8880,0.92,8880,-0.09329214855562895,,,,,,,-0.010052589513361455,0.10836964100599289,1475,0.020000001043081285,0.2369649201631546,0.001,0.0049040276,0.2,0.1176908016204834,-0.0036814793944358825
,,,8880,,,,296,2.16,36335,-0.2565005,0,0.77,,,,,,,,,,
0,4360,1.34,8910,0.94,8910,-0.07437500601634384,,,,,,,-0.012499338760972024,0.09183838218450546,1480,0.0,0.19951200783252715,0.001,0.0,0.2,0.21287870407104492,7.708867393318996e-08
,,,8910,,,,297,2.09,36450,-0.24217059000000002,0,0.78,,,,,,,,,,
0,4378,1.48,8940,0.92,8940,-0.09649250281974674,,,,,,,-0.01458380576223135,0.0727415680885315,1485,0.0,0.1499892771244049,0.001,0.0,0.2,0.35521912574768066,6.000201153710805e-08
,,,8940,,,,298,2.03,36573,-0.21693772,0,0.8,,,,,,,,,,
0,4393,1.34,8970,0.94,8970,-0.050999205857515335,,,,,,,-0.023231540992856025,0.06531184911727905,1490,0.0,0.14406473338603973,0.001,1.1920929e-08,0.2,-0.18039274215698242,-7.165273094500435e-06
,,,8970,,,,299,1.96,36689,-0.19522997000000003,0,0.82,,,,,,,,,,
0,4408,1.34,9000,0.94,9000,-0.051328546875156464,,,,,,,-0.017272599041461945,0.10027971118688583,1495,0.0,0.2090572237968445,0.001,0.0,0.2,0.25923144817352295,-4.6531359849666386e-07
,,,9000,,,,300,1.99,36803,-0.17574116000000004,0,0.82,,,,,,,,,,
0,4421,1.12,9030,1.0,9030,-0.008348228214308619,,,,,,,-0.017214421555399893,0.032212045043706894,1500,0.0,0.08555216938257218,0.001,0.00014824072,0.2,-0.20645248889923096,-0.0006194146518829768
,,,9030,,,,301,1.96,36907,-0.18809028000000003,0,0.82,,,,,,,,,,
0,4433,1.26,9060,0.96,9060,-0.052304956815205514,,,,,,,-0.03254118412733078,0.1276150941848755,1505,0.0,0.26332377791404726,0.001,6.329219e-05,0.2,0.21786385774612427,-0.0006194110703654943
,,,9060,,,,302,2.01,37013,-0.18631416,0,0.82,,,,,,,,,,
0,4449,1.44,9090,0.94,9090,-0.07679350153077394,,,,,,,-0.014744806475937367,0.07612070441246033,1510,0.0,0.18472098112106322,0.001,0.0,0.2,0.34584712982177734,-8.583068762391122e-08
,,,9090,,,,303,1.99,37134,-0.19299077999999997,0,0.82,,,,,,,,,,
0,4463,1.44,9120,0.92,9120,-0.09613788726273924,,,,,,,-0.01589523758739233,0.07258158177137375,1515,0.020000001043081285,0.16724324822425843,0.001,0.0034236351,0.2,0.2858451008796692,-0.003567323673827616
,,,9120,,,,304,2.01,37253,-0.19124849000000002,0,0.82,,,,,,,,,,
0,4481,1.44,9150,0.96,9150,-0.0571000324934721,,,,,,,-0.02050563059747219,0.13237452507019043,1520,0.0,0.28828662633895874,0.001,1.1920929e-07,0.2,0.2733703851699829,7.140636249403087e-07
,,,9150,,,,305,1.99,37369,-0.18289063999999997,0,0.82,,,,,,,,,,
0,4493,1.44,9180,0.92,9180,-0.09189324464648962,,,,,,,-0.02449893541634083,0.0389450341463089,1525,0.0,0.13450912684202193,0.001,6.1591464e-08,0.2,0.26577097177505493,-2.356171586370692e-06
,,,9180,,,,306,2.11,37487,-0.19972950999999997,0,0.8,,,,,,,,,,
0,4507,1.4,9210,0.94,9210,-0.07317162092775106,,,,,,,-0.026918375119566917,0.1130942776799202,1530,0.0,0.22194836735725404,0.001,5.9604645e-08,0.2,-0.042423129081726074,-7.748603925161746e-08
,,,9210,,,,307,2.11,37604,-0.22352105000000003,0,0.79,,,,,,,,,,
0,4527,1.26,9240,0.98,9240,-0.031793424542993304,,,,,,,-0.0286862138658762,0.11127384752035141,1535,0.0,0.25005354583263395,0.001,0.0,0.2,0.300814688205719,1.7205874200953985e-07
,,,9240,,,,308,1.92,37710,-0.17189361999999997,0,0.84,,,,,,,,,,
0,4540,1.16,9270,1.0,9270,-0.008022322501055897,,,,,,,-0.030035147443413734,0.05212438479065895,1540,0.0,0.10618669390678406,0.001,0.0,0.2,0.27281802892684937,7.738669882684235e-08
,,,9270,,,,309,1.96,37814,-0.18247866,0,0.83,,,,,,,,,,
0,4555,1.48,9300,0.9,9300,-0.09295577415730805,,,,,,,-0.02664794437587261,0.09116776287555695,1545,0.013333334028720856,0.2109034389257431,0.001,0.0034668187,0.2,0.18067830801010132,-0.0062514387754099236
,,,9300,,,,310,2.0,37939,-0.18319946000000006,0,0.82,,,,,,,,,,
0,4570,1.48,9330,0.9,9330,-0.07463729653507471,,,,,,,-0.053495144844055174,0.07895365357398987,1550,0.026666668057441712,0.19910373985767366,0.001,0.088794895,0.2,0.031677186489105225,-0.008501966707408392
,,,9330,,,,311,2.01,38072,-0.19667142000000004,0,0.81,,,,,,,,,,
0,4587,1.44,9360,0.9,9360,-0.11149830442853272,,,,,,,-0.014171791262924671,0.08586503565311432,1555,0.0,0.1771604001522064,0.001,0.0,0.2,0.3135302662849426,2.8689702382678204e-07
,,,9360,,,,312,1.95,38195,-0.19760394,0,0.82,,,,,,,,,,
0,4606,1.2,9390,0.98,9390,-0.030000635860487818,,,,,,,-0.012834274582564831,0.0878165140748024,1560,0.0,0.18721299171447753,0.001,3.973643e-09,0.2,0.13936609029769897,-1.3558069895225345e-06
,,,9390,,,,313,1.79,38316,-0.15043541000000002,0,0.86,,,,,,,,,,
0,4623,1.46,9420,0.9,9420,-0.11283133363351226,,,,,,,-0.011465041898190975,0.04539915919303894,1565,0.0,0.11353353410959244,0.001,0.0,0.2,0.2726615071296692,1.0132790162487026e-08
,,,9420,,,,314,1.85,38443,-0.14114151000000003,0,0.87,,,,,,,,,,
0,4638,1.36,9450,0.92,9450,-0.09453311021905392,,,,,,,-0.010989400185644626,0.016956154257059097,1570,0.0,0.03839676193892956,0.001,0.0,0.2,-5.105287075042725,1.180171979697775e-07
,,,9450,,,,315,1.85,38559,-0.14183783,0,0.87,,,,,,,,,,
0,4655,1.24,9480,0.96,9480,-0.029304382046684622,,,,,,,-0.010743151418864727,0.1556643545627594,1575,0.0,0.3357218861579895,0.001,0.0,0.2,0.49580878019332886,-6.953875235637952e-08
,,,9480,,,,316,1.8,38667,-0.13275588000000002,0,0.89,,,,,,,,,,
0,4669,2.04,9510,0.78,9510,-0.24435895923525094,,,,,,,-0.041052085161209104,0.07229134440422058,1580,0.026666668057441712,0.19258052110671997,0.001,0.056509692,0.2,0.22434353828430176,-0.0029882744823893858
,,,9510,,,,317,1.79,38814,-0.12046515,0,0.9,,,,,,,,,,
0,4686,1.18,9540,0.98,9540,-0.029901702008210122,,,,,,,-0.010395005717873574,0.11142325401306152,1585,0.0,0.23355494439601898,0.001,0.0,0.2,-0.18569183349609375,1.509984377534579e-08
,,,9540,,,,318,1.84,38914,-0.12958720999999998,0,0.89,,,,,,,,,,
0,4703,1.64,9570,0.9,9570,-0.11735252580139786,,,,,,,-0.010415426455438137,0.09844334423542023,1590,0.0,0.20709835588932038,0.001,0.0,0.2,-0.13626277446746826,5.523363739712295e-08
,,,9570,,,,319,1.86,39047,-0.13325468000000001,0,0.89,,,,,,,,,,
0,4722,1.1,9600,1.0,9600,-0.007653104667551816,,,,,,,-0.010444154776632786,0.055033277720212936,1595,0.0,0.12708730846643448,0.001,0.0,0.2,0.11450415849685669,-5.0862631084669375e-08
,,,9600,,,,320,1.83,39148,-0.1530492,0,0.87,,,,,,,,,,
0,4740,1.26,9630,0.96,9630,-0.0521891466435045,,,,,,,-0.010303058847784995,0.08014634996652603,1600,0.0,0.16183278560638428,0.001,0.0,0.2,0.26638323068618774,9.139379386624569e-09
,,,9630,,,,321,1.78,39282,-0.14566581,0,0.88,,,,,,,,,,
0,4758,1.56,9660,0.9,9660,-0.0960791598726064,,,,,,,-0.010327319987118245,0.06093587726354599,1605,0.0,0.13443198055028915,0.001,0.0,0.2,0.4234880208969116,7.947286384535346e-09
,,,9660,,,,322,1.77,39421,-0.13492954,0,0.89,,,,,,,,,,
0,4771,1.44,9690,0.92,9690,-0.07472110946662724,,,,,,,-0.03651686944067478,0.0711568295955658,1610,0.0,0.14982873797416688,0.001,0.00039657552,0.2,0.19254010915756226,-0.00101382731304831
,,,9690,,,,323,1.76,39576,-0.1398893,0,0.88,,,,,,,,,,
0,4794,1.4,9720,0.96,9720,-0.03373673127032816,,,,,,,-0.01023913398385048,0.15593330562114716,1615,0.0,0.3245306074619293,0.001,0.0,0.2,-0.05202913284301758,-2.7815502701145077e-08
,,,9720,,,,324,1.64,39697,-0.13899185,0,0.89,,,,,,,,,,
0,4808,1.4,9750,0.94,9750,-0.05277689929585904,,,,,,,-0.010220087692141533,0.0668744370341301,1620,0.0,0.14031976759433745,0.001,0.0,0.2,0.38908839225769043,4.450480144413404e-08
,,,9750,,,,325,1.69,39816,-0.15334126,0,0.88,,,,,,,,,,
0,4826,1.42,9780,0.94,9780,-0.031098171882331372,,,,,,,-0.010195467062294484,0.06581893563270569,1625,0.0,0.14461711347103118,0.001,0.0,0.2,0.44736963510513306,-7.549921789973269e-08
,,,9780,,,,326,1.76,39948,-0.17476296000000005,0,0.86,,,,,,,,,,
0,4842,1.24,9810,1.0,9810,-0.01354037033393979,,,,,,,-0.01017514169216156,0.0667126327753067,1630,0.0,0.13934085965156556,0.001,0.0,0.2,0.3875865936279297,2.821286537724177e-08
,,,9810,,,,327,1.74,40054,-0.17359559000000002,0,0.86,,,,,,,,,,
0,4855,1.42,9840,0.9,9840,-0.09305506745353341,,,,,,,-0.010664924047887325,0.06968230754137039,1635,0.0,0.15430474877357483,0.001,0.0,0.2,0.3679676651954651,-1.1907021491452951e-06
,,,9840,,,,328,1.82,40173,-0.18825809999999998,0,0.85,,,,,,,,,,
0,4867,1.44,9870,0.92,9870,-0.09613334144465625,,,,,,,-0.010176073387265205,0.08961810171604156,1640,0.0,0.1927276372909546,0.001,0.0,0.2,-0.00397801399230957,1.5894572413799325e-08
,,,9870,,,,329,1.88,40293,-0.19155502999999996,0,0.84,,,,,,,,,,
0,4881,1.4,9900,0.94,9900,-0.052563351751305165,,,,,,,-0.009501519985496998,0.06556972861289978,1645,0.006666667014360428,0.16454728245735167,0.001,0.0019046346,0.2,0.20847439765930176,-0.001955072870477892
,,,9900,,,,330,1.98,40403,-0.20966282999999997,0,0.82,,,,,,,,,,
0,4895,1.78,9930,0.86,9930,-0.17234269604552538,,,,,,,-0.007377689890563488,0.13157406449317932,1650,0.0,0.3097329080104828,0.001,0.0,0.2,0.16094350814819336,-2.5033951214226133e-07
,,,9930,,,,331,2.09,40536,-0.22958904,0,0.8,,,,,,,,,,
0,4908,1.54,9960,0.9,9960,-0.11607341931667178,,,,,,,-0.012854060903191567,0.12252330780029297,1655,0.0,0.29035329520702363,0.001,7.859866e-06,0.2,-0.17104363441467285,-0.00026700655066349557
,,,9960,,,,332,2.08,40659,-0.22294868,0,0.8,,,,,,,,,,
0,4923,1.22,9990,0.96,9990,-0.05263658414594829,,,,,,,-0.0057843361981213095,0.08994348347187042,1660,0.0,0.1771618276834488,0.001,0.0,0.2,0.34165143966674805,7.4187913767787e-07
,,,9990,,,,333,2.12,40762,-0.22560709000000004,0,0.79,,,,,,,,,,
0,4937,1.24,10020,0.98,10020,-0.029658370227552952,,,,,,,-0.005386612843722105,0.1481209397315979,1665,0.0,0.32800679206848143,0.001,0.0,0.2,-0.19690334796905518,4.549821266408571e-08
,,,10020,,,,334,2.28,40868,-0.26111985,0,0.75,,,,,,,,,,
0,4954,1.24,10050,0.96,10050,-0.03025418361183256,,,,,,,-0.005187580734491349,0.10892870277166367,1670,0.0,0.23046930134296417,0.001,0.0,0.2,0.05506187677383423,-1.1126200405442432e-08
,,,10050,,,,335,2.11,40970,-0.23143397999999998,0,0.77,,,,,,,,,,
0,4965,1.24,10080,0.96,10080,-0.059292405359447,,,,,,,-0.0051129162311553955,0.09355290234088898,1675,0.0,0.19069681465625762,0.001,0.0,0.2,0.17209553718566895,-2.6623407745063333e-08
,,,10080,,,,336,2.15,41073,-0.26477902,0,0.75,,,,,,,,,,
0,4980,1.44,10110,0.96,10110,-0.05500683969818056,,,,,,,-0.005046623107045889,0.09557273983955383,1680,0.0,0.22628252804279328,0.001,0.0,0.2,0.2395486831665039,2.7815497460892403e-09
,,,10110,,,,337,2.1,41188,-0.24165163999999997,0,0.77,,,,,,,,,,
0,4993,1.32,10140,0.96,10140,-0.04955025255214423,,,,,,,-0.0049985040910542015,0.13519366085529327,1685,0.0,0.25908557176589964,0.001,0.0,0.2,-0.05578601360321045,6.357828894465455e-08
,,,10140,,,,338,2.12,41294,-0.24339019000000003,0,0.76,,,,,,,,,,
0,5005,1.42,10170,0.94,10170,-0.07278301379177719,,,,,,,-0.004991798289120197,0.08928758651018143,1690,0.0,0.1870284378528595,0.001,0.0,0.2,0.23918837308883667,-3.059705182550942e-08
,,,10170,,,,339,2.16,41406,-0.24763754999999996,0,0.76,,,,,,,,,,
0,5020,1.3,10200,0.98,10200,-0.031053969371132552,,,,,,,-0.004975775443017483,0.09776940941810608,1695,0.0,0.2029041677713394,0.001,0.0,0.2,0.09061795473098755,-1.9272169016204544e-08
,,,10200,,,,340,2.17,41515,-0.25846921,0,0.76,,,,,,,,,,
0,5030,1.46,10230,0.92,10230,-0.09268586276099086,,,,,,,-0.0049753752537071705,0.08982807397842407,1700,0.0,0.18445942997932435,0.001,0.0,0.2,0.20144915580749512,1.6093254195936878e-08
,,,10230,,,,341,2.19,41635,-0.24235386000000003,0,0.77,,,,,,,,,,
0,5052,1.38,10260,0.92,10260,-0.07196701279841364,,,,,,,-0.004989204276353121,0.14301343262195587,1705,0.0,0.2958536684513092,0.001,0.0,0.2,-0.050939202308654785,-8.344650481717508e-09
,,,10260,,,,342,2.16,41755,-0.23203304,0,0.79,,,,,,,,,,
0,5070,1.22,10290,0.98,10290,-0.029488447527401148,,,,,,,-0.004990001861006022,0.06747856736183167,1710,0.0,0.19229414463043212,0.001,0.0,0.2,-0.17320799827575684,-4.172325418494438e-09
,,,10290,,,,343,1.94,41866,-0.16094900000000004,0,0.86,,,,,,,,,,
0,5088,1.1,10320,0.98,10320,-0.02760723013896495,,,,,,,-0.00497241597622633,0.01702703721821308,1715,0.0,0.0706499084830284,0.001,0.0,0.2,-0.21986770629882812,-1.0967254695515294e-07
,,,10320,,,,344,1.9,41975,-0.16034459,0,0.86,,,,,,,,,,
0,5100,1.42,10350,0.94,10350,-0.051972920750267805,,,,,,,-0.005422389041632414,0.08792676031589508,1720,0.0,0.16081205308437346,0.001,0.0,0.2,0.2903974652290344,-8.145968042327922e-08
,,,10350,,,,345,1.92,42097,-0.16490959,0,0.86,,,,,,,,,,
0,5115,1.44,10380,0.94,10380,-0.08313762400299311,,,,,,,-0.0049695344641804695,0.08606098592281342,1725,0.0,0.20785132348537444,0.001,0.0,0.2,0.4478813409805298,-5.960464655174746e-09
,,,10380,,,,346,1.9,42211,-0.16417283000000002,0,0.86,,,,,,,,,,
0,5135,1.24,10410,0.96,10410,-0.05327620382420719,,,,,,,-0.004978273529559374,0.11873748153448105,1730,0.0,0.2923568606376648,0.001,0.0,0.2,0.16074514389038086,-6.000200905020848e-08
,,,10410,,,,347,1.71,42316,-0.12393373,0,0.89,,,,,,,,,,
0,5146,1.26,10440,0.94,10440,-0.04908472392708063,,,,,,,-0.004954409785568714,0.06870561838150024,1735,0.0,0.1284032329916954,0.001,0.0,0.2,0.3069744110107422,5.1856041860531834e-08
,,,10440,,,,348,1.87,42426,-0.16107454999999998,0,0.86,,,,,,,,,,
0,5159,1.32,10470,0.94,10470,-0.05386390369385481,,,,,,,-0.004954715352505445,0.1003551036119461,1740,0.0,0.21475281417369843,0.001,0.0,0.2,0.08930540084838867,-3.417333012123436e-08
,,,10470,,,,349,2.02,42533,-0.19081032,0,0.82,,,,,,,,,,
0,5179,1.48,10500,0.9,10500,-0.11248034305870533,,,,,,,-0.0049467157572507855,0.07387790828943253,1745,0.0,0.15794669687747956,0.001,0.0,0.2,0.27775824069976807,-2.503395126751684e-08
,,,10500,,,,350,1.97,42655,-0.18035762000000002,0,0.83,,,,,,,,,,
0,5198,1.2,10530,0.98,10530,-0.011310411654412746,,,,,,,-0.005111080035567284,0.04639330878853798,1750,0.0,0.12795233875513076,0.001,0.0,0.2,-1.8774685859680176,5.1458676608717727e-08
,,,10530,,,,351,1.88,42757,-0.15035632999999998,0,0.86,,,,,,,,,,
0,5214,1.24,10560,0.94,10560,-0.07331231757532805,,,,,,,-0.00496805664151907,0.05464211106300354,1755,0.0,0.11019737124443055,0.001,0.0,0.2,0.12783676385879517,5.1657359279033696e-09
,,,10560,,,,352,1.78,42867,-0.11710163,0,0.89,,,,,,,,,,
0,5233,1.52,10590,0.92,10590,-0.05374387623742223,,,,,,,-0.004950336366891861,0.06878190487623215,1760,0.0,0.14231354892253875,0.001,0.0,0.2,-0.03848373889923096,-3.9736427481784633e-10
,,,10590,,,,353,1.83,42991,-0.13738296000000003,0,0.88,,,,,,,,,,
0,5252,1.48,10620,0.9,10620,-0.12011368305422365,,,,,,,-0.004978860635310412,0.08829077333211899,1765,0.0,0.21147087812423707,0.001,0.0,0.2,0.25863856077194214,-9.53674295089968e-09
,,,10620,,,,354,1.65,43114,-0.10405283999999998,0,0.91,,,,,,,,,,
0,5270,1.46,10650,0.92,10650,-0.09257735445629806,,,,,,,-0.004977933969348669,0.09607639163732529,1770,0.0,0.19371964931488037,0.001,0.0,0.2,0.26617246866226196,6.755193204810439e-09
,,,10650,,,,355,1.6,43232,-0.1171095,0,0.91,,,,,,,,,,
0,5285,1.34,10680,0.96,10680,-0.051635086252354086,,,,,,,-0.0049829198978841305,0.10294570028781891,1775,0.0,0.21321526765823365,0.001,0.0,0.2,0.17404645681381226,2.622604453605959e-08
,,,10680,,,,356,1.66,43345,-0.12785882999999998,0,0.9,,,,,,,,,,
0,5296,1.12,10710,1.0,10710,-0.007663180283270776,,,,,,,-0.004973336867988109,0.05904373899102211,1780,0.0,0.12593341916799544,0.001,0.0,0.2,0.3603941798210144,5.563100469174742e-09
,,,10710,,,,357,1.82,43439,-0.16002493999999998,0,0.86,,,,,,,,,,
0,5308,1.18,10740,0.98,10740,-0.02914521928410977,,,,,,,-0.004966797679662705,0.08093417435884476,1785,0.0,0.16612150073051452,0.001,0.0,0.2,0.14485251903533936,-2.4239222895516833e-08
,,,10740,,,,358,1.94,43549,-0.17233232000000004,0,0.84,,,,,,,,,,
0,5328,1.42,10770,0.92,10770,-0.05213836946059018,,,,,,,-0.0049598910845816135,0.09171200543642044,1790,0.0,0.1936241000890732,0.001,0.0,0.2,-0.13514506816864014,3.973643103449831e-09
,,,10770,,,,359,1.86,43664,-0.15003138,0,0.86,,,,,,,,,,
0,5345,1.52,10800,0.88,10800,-0.13871888823341577,,,,,,,-0.004968164209276438,0.05228293687105179,1795,0.0,0.1096265286207199,0.001,0.0,0.2,0.07098585367202759,1.8775463495046553e-08
,,,10800,,,,360,1.91,43787,-0.15286697000000002,0,0.86,,,,,,,,,,
0,5358,1.38,10830,0.92,10830,-0.09537242428399623,,,,,,,-0.004964938294142485,0.057517871260643005,1800,0.0,0.11855083703994751,0.001,0.0,0.2,0.07332503795623779,-3.576278704287006e-08
,,,10830,,,,361,1.95,43906,-0.16053152999999998,0,0.85,,,,,,,,,,
0,5378,1.52,10860,0.88,10860,-0.12172876123804599,,,,,,,-0.004966847598552704,0.0950261577963829,1805,0.0,0.23174190521240234,0.001,0.0,0.2,0.4198209047317505,1.7086665193843942e-08
,,,10860,,,,362,1.95,44029,-0.16046987999999998,0,0.85,,,,,,,,,,
0,5395,1.1,10890,0.98,10890,-0.0073039035871624945,,,,,,,-0.014676297642290592,0.0771329402923584,1810,0.0,0.1527299165725708,0.001,1.748403e-07,0.2,-0.007673501968383789,-8.005907045998129e-05
,,,10890,,,,363,1.86,44123,-0.16461554000000003,0,0.86,,,,,,,,,,
0,5411,1.28,10920,0.98,10920,-0.030142759401351214,,,,,,,-0.00499097891151905,0.08742313086986542,1815,0.0,0.18685828447341918,0.001,0.0,0.2,0.3001025915145874,3.258387248905592e-08
,,,10920,,,,364,1.71,44233,-0.14744939,0,0.88,,,,,,,,,,
0,5429,1.36,10950,0.92,10950,-0.09265638546552508,,,,,,,-0.005004754569381475,0.08530569076538086,1820,0.0,0.17754999101161956,0.001,0.0,0.2,0.32579880952835083,-7.947290825427445e-10
,,,10950,,,,365,1.79,44344,-0.14881774,0,0.87,,,,,,,,,,
0,5445,1.36,10980,0.94,10980,-0.07371070056222379,,,,,,,-0.004994646646082401,0.04190683364868164,1825,0.0,0.1250365346670151,0.001,0.0,0.2,-32.59978485107422,-2.741813567297413e-08
,,,10980,,,,366,1.8,44455,-0.16312973,0,0.86,,,,,,,,,,
0,5465,1.44,11010,0.92,11010,-0.09460529877804219,,,,,,,-0.0050330329686403275,0.16773536801338196,1830,0.0,0.3328412532806396,0.001,0.0,0.2,0.003185272216796875,1.4901161904390393e-08
,,,11010,,,,367,1.71,44566,-0.13584325,0,0.88,,,,,,,,,,
0,5482,1.44,11040,0.98,11040,-0.032890956904739144,,,,,,,-0.005046501290053129,0.0504017248749733,1835,0.0,0.12136815637350082,0.001,0.0,0.2,0.4984395503997803,1.1324882676078118e-08
,,,11040,,,,368,1.7,44690,-0.13747008,0,0.88,,,,,,,,,,
0,5497,1.4,11070,0.94,11070,-0.07128693643957376,,,,,,,-0.005070806853473187,0.09286696463823318,1840,0.0,0.2241884559392929,0.001,0.0,0.2,0.1624358892440796,3.0199686840148844e-08
,,,11070,,,,369,1.74,44798,-0.12817696,0,0.89,,,,,,,,,,
0,5509,1.36,11100,0.96,11100,-0.050954133542254566,,,,,,,-0.005016038939356804,0.16029253602027893,1845,0.0,0.29666317701339723,0.001,0.0,0.2,0.04520237445831299,-1.2119611536576258e-08
,,,11100,,,,370,1.84,44911,-0.15468307,0,0.87,,,,,,,,,,
0,5521,1.44,11130,0.94,11130,-0.07875048517715186,,,,,,,-0.005008019972592592,0.0760982558131218,1850,0.0,0.1641000509262085,0.001,0.0,0.2,0.23332250118255615,1.748402951307071e-08
,,,11130,,,,371,1.88,45023,-0.18602880000000002,0,0.85,,,,,,,,,,
0,5536,1.26,11160,0.94,11160,-0.05072974048554897,,,,,,,-0.005035716667771339,0.07405615597963333,1855,0.0,0.15989589989185332,0.001,0.0,0.2,0.2728617787361145,-1.490116137148334e-08
,,,11160,,,,372,2.01,45125,-0.22240486999999998,0,0.82,,,,,,,,,,
0,5548,1.46,11190,0.92,11190,-0.10298813212662936,,,,,,,-0.005050328746438027,0.09035509824752808,1860,0.0,0.19279858767986296,0.001,0.0,0.2,0.31168878078460693,-1.6490619003661776e-08
,,,11190,,,,373,2.07,45253,-0.23740469,0,0.81,,,,,,,,,,
0,5568,1.1,11220,1.0,11220,-0.007246547038666904,,,,,,,-0.005007308442145586,0.10116720199584961,1865,0.0,0.20928116738796235,0.001,0.0,0.2,0.1786908507347107,-2.344449403501869e-08
,,,11220,,,,374,2.07,45352,-0.23792902,0,0.81,,,,,,,,,,
0,5580,1.3,11250,0.96,11250,-0.0525500557012856,,,,,,,-0.005191948357969522,0.05029415711760521,1870,0.0,0.10447039902210235,0.001,0.0,0.2,0.5287600755691528,-9.93410793626026e-09
,,,11250,,,,375,2.12,45464,-0.24534578999999998,0,0.8,,,,,,,,,,
0,5598,1.48,11280,0.9,11280,-0.1117862174892798,,,,,,,-0.0050090886652469635,0.06284408271312714,1875,0.0,0.1360353112220764,0.001,0.0,0.2,0.43052005767822266,-4.0133794421137735e-08
,,,11280,,,,376,2.06,45582,-0.25837785,0,0.79,,,,,,,,,,
0,5611,1.32,11310,0.96,11310,-0.05157714539207518,,,,,,,-0.005087867937982082,0.07936884462833405,1880,0.0,0.1632254660129547,0.001,0.0,0.2,0.4320921301841736,-1.509984368652795e-08
,,,11310,,,,377,2.03,45689,-0.25695428000000003,0,0.79,,,,,,,,,,
0,5631,1.44,11340,0.94,11340,-0.07347340485081076,,,,,,,-0.005027953535318375,0.1328461468219757,1885,0.0,0.2837806582450867,0.001,0.0,0.2,-0.38454461097717285,-1.4305115314527939e-08
,,,11340,,,,378,1.85,45823,-0.18979448000000002,0,0.84,,,,,,,,,,
0,5649,1.54,11370,0.9,11370,-0.09538133997935802,,,,,,,-0.005051987245678902,0.09985952079296112,1890,0.0,0.2653999447822571,0.001,0.0,0.2,-2.1297130584716797,-7.311503198437208e-08
,,,11370,,,,379,1.78,45942,-0.16006146999999998,0,0.86,,,,,,,,,,
0,5660,1.4,11400,0.94,11400,-0.05179635263048112,,,,,,,-0.005035208258777857,0.05275106057524681,1895,0.0,0.1308387503027916,0.001,0.0,0.2,0.2341444492340088,7.947285851628294e-09
,,,11400,,,,380,1.87,46056,-0.17736749999999998,0,0.86,,,,,,,,,,
0,5671,1.56,11430,0.92,11430,-0.09831244588363916,,,,,,,-0.004999383538961411,0.20753473043441772,1900,0.0,0.4002752065658569,0.001,0.0,0.2,0.2713278532028198,-1.6887982923208254e-08
,,,11430,,,,381,1.96,46176,-0.20101619999999998,0,0.84,,,,,,,,,,
0,5689,1.18,11460,0.96,11460,-0.048105648658238354,,,,,,,-0.005026416759938002,0.1464633345603943,1905,0.0,0.3447965502738953,0.001,0.0,0.2,-0.04863107204437256,-9.139379031353201e-09
,,,11460,,,,382,1.97,46284,-0.18679126000000001,0,0.85,,,,,,,,,,
0,5705,1.16,11490,0.96,11490,-0.03035350688267499,,,,,,,-0.005013741366565227,0.05718906968832016,1910,0.0,0.11452970504760743,0.001,0.0,0.2,0.4103238582611084,-6.755193338037202e-09
,,,11490,,,,383,1.95,46381,-0.17786765999999996,0,0.86,,,,,,,,,,
0,5717,1.38,11520,0.94,11520,-0.052167129800654945,,,,,,,-0.0050203738734126094,0.06178716942667961,1915,0.0,0.13924335986375808,0.001,0.0,0.2,0.47185659408569336,-1.9073486789977778e-08
,,,11520,,,,384,2.02,46486,-0.19961198,0,0.84,,,,,,,,,,
0,5729,1.36,11550,0.96,11550,-0.051153424405492844,,,,,,,-0.005018375627696514,0.09530065953731537,1920,0.0,0.1967992067337036,0.001,0.0,0.2,0.10137462615966797,3.973643636356883e-10
,,,11550,,,,385,2.14,46680,-0.22932125000000003,0,0.82,,,,,,,,,,
0,5746,1.46,11580,0.92,11580,-0.07621235337108373,,,,,,,-0.005007507000118494,0.1381169706583023,1925,0.0,0.30258522629737855,0.001,0.0,0.2,-0.15288984775543213,4.5696895156766004e-09
,,,11580,,,,386,2.13,46797,-0.23877569999999998,0,0.81,,,,,,,,,,
0,5761,1.26,11610,0.98,11610,-0.02958001700695604,,,,,,,-0.005023891944438219,0.06237594410777092,1930,0.0,0.12913858145475388,0.001,0.0,0.2,0.42403078079223633,1.8676122248706407e-08
,,,11610,,,,387,2.07,46899,-0.20186725999999997,0,0.82,,,,,,,,,,
0,5783,1.24,11640,0.98,11640,-0.035712479925714434,,,,,,,-0.005205208715051412,0.06920666247606277,1935,0.0,0.1478133261203766,0.001,0.0,0.2,-0.07169580459594727,6.953875475446125e-09
,,,11640,,,,388,1.92,47002,-0.16883411000000006,0,0.85,,,,,,,,,,
0,5797,1.32,11670,0.96,11670,-0.03487523849122226,,,,,,,-0.04768255278468132,0.02178555727005005,1940,0.026666668057441712,0.04710316881537437,0.001,0.00786378,0.2,0.5752379894256592,-0.0006488724611699581
,,,11670,,,,389,1.97,47110,-0.17877537999999993,0,0.84,,,,,,,,,,
